x	xend	y	yend	showSelected2
10.933092	47.91366	-0.0981577501632706	-0.0981577501632706	0
10.933092	38.0979235	0.0798786282848108	0.0798786282848108	1
38.0979235	47.91366	-0.680822261447901	-0.680822261447901	1
10.933092	35.4335795	0.0993676516491001	0.0993676516491001	2
35.4335795	38.0979235	-0.0760335586295029	-0.0760335586295029	2
38.0979235	47.91366	-0.680822261447901	-0.680822261447901	2
10.933092	22.496679	0.0522332139510691	0.0522332139510691	3
22.496679	23.340797	1.11036324336042	1.11036324336042	3
23.340797	38.0979235	0.0497174094152832	0.0497174094152832	3
38.0979235	47.91366	-0.680822261447901	-0.680822261447901	3
10.933092	22.496679	0.0522332139510691	0.0522332139510691	4
22.496679	23.340797	1.11036324336042	1.11036324336042	4
23.340797	38.0979235	0.0497174094152832	0.0497174094152832	4
38.0979235	42.469559	-0.762063015770233	-0.762063015770233	4
42.469559	47.91366	-0.583333356261102	-0.583333356261102	4
10.933092	22.496679	0.0522332139510691	0.0522332139510691	5
22.496679	23.340797	1.11036324336042	1.11036324336042	5
23.340797	34.7564995	0.0471961933251262	0.0471961933251262	5
34.7564995	34.802363	0.599317793698226	0.599317793698226	5
34.802363	38.0979235	-0.0506220462987089	-0.0506220462987089	5
38.0979235	47.91366	-0.680822261447901	-0.680822261447901	5
10.933092	22.496679	0.0522332139510691	0.0522332139510691	6
22.496679	23.340797	1.11036324336042	1.11036324336042	6
23.340797	34.7564995	0.0471961933251262	0.0471961933251262	6
34.7564995	34.802363	0.599317793698226	0.599317793698226	6
34.802363	38.0979235	-0.0506220462987089	-0.0506220462987089	6
38.0979235	42.469559	-0.762063015770233	-0.762063015770233	6
42.469559	47.91366	-0.583333356261102	-0.583333356261102	6
10.933092	22.496679	0.0522332139510691	0.0522332139510691	7
22.496679	23.340797	1.11036324336042	1.11036324336042	7
23.340797	34.7564995	0.0471961933251262	0.0471961933251262	7
34.7564995	34.802363	0.599317793698226	0.599317793698226	7
34.802363	38.0979235	-0.0506220462987089	-0.0506220462987089	7
38.0979235	42.469559	-0.762063015770233	-0.762063015770233	7
42.469559	45.249441	-0.417584982744773	-0.417584982744773	7
45.249441	47.91366	-0.693832271938655	-0.693832271938655	7
10.933092	22.496679	0.0522332139510691	0.0522332139510691	8
22.496679	23.340797	1.11036324336042	1.11036324336042	8
23.340797	34.7564995	0.0471961933251262	0.0471961933251262	8
34.7564995	34.802363	0.599317793698226	0.599317793698226	8
34.802363	38.0979235	-0.0506220462987089	-0.0506220462987089	8
38.0979235	42.469559	-0.762063015770233	-0.762063015770233	8
42.469559	45.249441	-0.417584982744773	-0.417584982744773	8
45.249441	46.460017	-1.03209362970985	-1.03209362970985	8
46.460017	47.91366	-0.524701593053058	-0.524701593053058	8
10.933092	22.496679	0.0522332139510691	0.0522332139510691	9
22.496679	23.340797	1.11036324336042	1.11036324336042	9
23.340797	33.1385855	0.0823959256771228	0.0823959256771228	9
33.1385855	34.7564995	-0.0290698934375331	-0.0290698934375331	9
34.7564995	34.802363	0.599317793698226	0.599317793698226	9
34.802363	38.0979235	-0.0506220462987089	-0.0506220462987089	9
38.0979235	42.469559	-0.762063015770233	-0.762063015770233	9
42.469559	45.249441	-0.417584982744773	-0.417584982744773	9
45.249441	46.460017	-1.03209362970985	-1.03209362970985	9
46.460017	47.91366	-0.524701593053058	-0.524701593053058	9
10.933092	22.496679	0.0522332139510691	0.0522332139510691	10
22.496679	23.340797	1.11036324336042	1.11036324336042	10
23.340797	32.667198	0.0576271726455741	0.0576271726455741	10
32.667198	33.1385855	0.379620962055708	0.379620962055708	10
33.1385855	34.7564995	-0.0290698934375331	-0.0290698934375331	10
34.7564995	34.802363	0.599317793698226	0.599317793698226	10
34.802363	38.0979235	-0.0506220462987089	-0.0506220462987089	10
38.0979235	42.469559	-0.762063015770233	-0.762063015770233	10
42.469559	45.249441	-0.417584982744773	-0.417584982744773	10
45.249441	46.460017	-1.03209362970985	-1.03209362970985	10
46.460017	47.91366	-0.524701593053058	-0.524701593053058	10
10.933092	22.496679	0.0522332139510691	0.0522332139510691	11
22.496679	23.340797	1.11036324336042	1.11036324336042	11
23.340797	32.667198	0.0576271726455741	0.0576271726455741	11
32.667198	33.1385855	0.379620962055708	0.379620962055708	11
33.1385855	34.7564995	-0.0290698934375331	-0.0290698934375331	11
34.7564995	34.802363	0.599317793698226	0.599317793698226	11
34.802363	38.0979235	-0.0506220462987089	-0.0506220462987089	11
38.0979235	39.0632695	-0.56277226108709	-0.56277226108709	11
39.0632695	42.469559	-0.801921166706862	-0.801921166706862	11
42.469559	45.249441	-0.417584982744773	-0.417584982744773	11
45.249441	46.460017	-1.03209362970985	-1.03209362970985	11
46.460017	47.91366	-0.524701593053058	-0.524701593053058	11
10.933092	22.496679	0.0522332139510691	0.0522332139510691	12
22.496679	23.340797	1.11036324336042	1.11036324336042	12
23.340797	32.667198	0.0576271726455741	0.0576271726455741	12
32.667198	33.1385855	0.379620962055708	0.379620962055708	12
33.1385855	34.715689	-0.0631704303108989	-0.0631704303108989	12
34.715689	34.7564995	0.141432790929296	0.141432790929296	12
34.7564995	34.802363	0.599317793698226	0.599317793698226	12
34.802363	38.0979235	-0.0506220462987089	-0.0506220462987089	12
38.0979235	39.0632695	-0.56277226108709	-0.56277226108709	12
39.0632695	42.469559	-0.801921166706862	-0.801921166706862	12
42.469559	45.249441	-0.417584982744773	-0.417584982744773	12
45.249441	46.460017	-1.03209362970985	-1.03209362970985	12
46.460017	47.91366	-0.524701593053058	-0.524701593053058	12
10.933092	22.496679	0.0522332139510691	0.0522332139510691	13
22.496679	23.340797	1.11036324336042	1.11036324336042	13
23.340797	32.667198	0.0576271726455741	0.0576271726455741	13
32.667198	33.1385855	0.379620962055708	0.379620962055708	13
33.1385855	34.715689	-0.0631704303108989	-0.0631704303108989	13
34.715689	34.7564995	0.141432790929296	0.141432790929296	13
34.7564995	34.802363	0.599317793698226	0.599317793698226	13
34.802363	37.5847545	-0.0232674547457692	-0.0232674547457692	13
37.5847545	38.0979235	-0.160040412510468	-0.160040412510468	13
38.0979235	39.0632695	-0.56277226108709	-0.56277226108709	13
39.0632695	42.469559	-0.801921166706862	-0.801921166706862	13
42.469559	45.249441	-0.417584982744773	-0.417584982744773	13
45.249441	46.460017	-1.03209362970985	-1.03209362970985	13
46.460017	47.91366	-0.524701593053058	-0.524701593053058	13
10.933092	22.496679	0.0522332139510691	0.0522332139510691	14
22.496679	23.340797	1.11036324336042	1.11036324336042	14
23.340797	32.667198	0.0576271726455741	0.0576271726455741	14
32.667198	33.1385855	0.379620962055708	0.379620962055708	14
33.1385855	34.715689	-0.0631704303108989	-0.0631704303108989	14
34.715689	34.7564995	0.141432790929296	0.141432790929296	14
34.7564995	34.802363	0.599317793698226	0.599317793698226	14
34.802363	37.5847545	-0.0232674547457692	-0.0232674547457692	14
37.5847545	38.0979235	-0.160040412510468	-0.160040412510468	14
38.0979235	39.0632695	-0.56277226108709	-0.56277226108709	14
39.0632695	40.2407845	-0.841669150829533	-0.841669150829533	14
40.2407845	42.469559	-0.742299190522856	-0.742299190522856	14
42.469559	45.249441	-0.417584982744773	-0.417584982744773	14
45.249441	46.460017	-1.03209362970985	-1.03209362970985	14
46.460017	47.91366	-0.524701593053058	-0.524701593053058	14
10.933092	22.496679	0.0522332139510691	0.0522332139510691	15
22.496679	23.340797	1.11036324336042	1.11036324336042	15
23.340797	31.8102055	0.0659177822218719	0.0659177822218719	15
31.8102055	32.667198	-0.0335695326937018	-0.0335695326937018	15
32.667198	33.1385855	0.379620962055708	0.379620962055708	15
33.1385855	34.715689	-0.0631704303108989	-0.0631704303108989	15
34.715689	34.7564995	0.141432790929296	0.141432790929296	15
34.7564995	34.802363	0.599317793698226	0.599317793698226	15
34.802363	37.5847545	-0.0232674547457692	-0.0232674547457692	15
37.5847545	38.0979235	-0.160040412510468	-0.160040412510468	15
38.0979235	39.0632695	-0.56277226108709	-0.56277226108709	15
39.0632695	40.2407845	-0.841669150829533	-0.841669150829533	15
40.2407845	42.469559	-0.742299190522856	-0.742299190522856	15
42.469559	45.249441	-0.417584982744773	-0.417584982744773	15
45.249441	46.460017	-1.03209362970985	-1.03209362970985	15
46.460017	47.91366	-0.524701593053058	-0.524701593053058	15
10.933092	22.496679	0.0522332139510691	0.0522332139510691	16
22.496679	23.340797	1.11036324336042	1.11036324336042	16
23.340797	25.569288	0.0177739511656407	0.0177739511656407	16
25.569288	27.870547	0.122623428651172	0.122623428651172	16
27.870547	28.392149	-0.077041035763828	-0.077041035763828	16
28.392149	32.667198	0.0608581532043196	0.0608581532043196	16
32.667198	33.1385855	0.379620962055708	0.379620962055708	16
33.1385855	34.715689	-0.0631704303108989	-0.0631704303108989	16
34.715689	34.7564995	0.141432790929296	0.141432790929296	16
34.7564995	34.802363	0.599317793698226	0.599317793698226	16
34.802363	37.5847545	-0.0232674547457692	-0.0232674547457692	16
37.5847545	38.0979235	-0.160040412510468	-0.160040412510468	16
38.0979235	39.0632695	-0.56277226108709	-0.56277226108709	16
39.0632695	42.469559	-0.801921166706862	-0.801921166706862	16
42.469559	45.249441	-0.417584982744773	-0.417584982744773	16
45.249441	46.460017	-1.03209362970985	-1.03209362970985	16
46.460017	47.91366	-0.524701593053058	-0.524701593053058	16
10.933092	22.496679	0.0522332139510691	0.0522332139510691	17
22.496679	23.340797	1.11036324336042	1.11036324336042	17
23.340797	25.569288	0.0177739511656407	0.0177739511656407	17
25.569288	27.870547	0.122623428651172	0.122623428651172	17
27.870547	28.392149	-0.077041035763828	-0.077041035763828	17
28.392149	32.667198	0.0608581532043196	0.0608581532043196	17
32.667198	33.1385855	0.379620962055708	0.379620962055708	17
33.1385855	34.715689	-0.0631704303108989	-0.0631704303108989	17
34.715689	34.7564995	0.141432790929296	0.141432790929296	17
34.7564995	34.802363	0.599317793698226	0.599317793698226	17
34.802363	37.5847545	-0.0232674547457692	-0.0232674547457692	17
37.5847545	38.0979235	-0.160040412510468	-0.160040412510468	17
38.0979235	39.0632695	-0.56277226108709	-0.56277226108709	17
39.0632695	40.2407845	-0.841669150829533	-0.841669150829533	17
40.2407845	42.469559	-0.742299190522856	-0.742299190522856	17
42.469559	45.249441	-0.417584982744773	-0.417584982744773	17
45.249441	46.460017	-1.03209362970985	-1.03209362970985	17
46.460017	47.91366	-0.524701593053058	-0.524701593053058	17
10.933092	22.496679	0.0522332139510691	0.0522332139510691	18
22.496679	23.340797	1.11036324336042	1.11036324336042	18
23.340797	25.569288	0.0177739511656407	0.0177739511656407	18
25.569288	27.870547	0.122623428651172	0.122623428651172	18
27.870547	28.392149	-0.077041035763828	-0.077041035763828	18
28.392149	29.691861	0.122916359392201	0.122916359392201	18
29.691861	32.667198	0.029829050110379	0.029829050110379	18
32.667198	33.1385855	0.379620962055708	0.379620962055708	18
33.1385855	34.715689	-0.0631704303108989	-0.0631704303108989	18
34.715689	34.7564995	0.141432790929296	0.141432790929296	18
34.7564995	34.802363	0.599317793698226	0.599317793698226	18
34.802363	37.5847545	-0.0232674547457692	-0.0232674547457692	18
37.5847545	38.0979235	-0.160040412510468	-0.160040412510468	18
38.0979235	39.0632695	-0.56277226108709	-0.56277226108709	18
39.0632695	40.2407845	-0.841669150829533	-0.841669150829533	18
40.2407845	42.469559	-0.742299190522856	-0.742299190522856	18
42.469559	45.249441	-0.417584982744773	-0.417584982744773	18
45.249441	46.460017	-1.03209362970985	-1.03209362970985	18
46.460017	47.91366	-0.524701593053058	-0.524701593053058	18
10.933092	22.496679	0.0522332139510691	0.0522332139510691	19
22.496679	23.340797	1.11036324336042	1.11036324336042	19
23.340797	25.569288	0.0177739511656407	0.0177739511656407	19
25.569288	27.870547	0.122623428651172	0.122623428651172	19
27.870547	28.392149	-0.077041035763828	-0.077041035763828	19
28.392149	29.691861	0.122916359392201	0.122916359392201	19
29.691861	32.667198	0.029829050110379	0.029829050110379	19
32.667198	33.1385855	0.379620962055708	0.379620962055708	19
33.1385855	34.477068	-0.0959168817628899	-0.0959168817628899	19
34.477068	34.715689	-0.0140507531329123	-0.0140507531329123	19
34.715689	34.7564995	0.141432790929296	0.141432790929296	19
34.7564995	34.802363	0.599317793698226	0.599317793698226	19
34.802363	37.5847545	-0.0232674547457692	-0.0232674547457692	19
37.5847545	38.0979235	-0.160040412510468	-0.160040412510468	19
38.0979235	39.0632695	-0.56277226108709	-0.56277226108709	19
39.0632695	40.2407845	-0.841669150829533	-0.841669150829533	19
40.2407845	42.469559	-0.742299190522856	-0.742299190522856	19
42.469559	45.249441	-0.417584982744773	-0.417584982744773	19
45.249441	46.460017	-1.03209362970985	-1.03209362970985	19
46.460017	47.91366	-0.524701593053058	-0.524701593053058	19
10.933092	22.496679	0.0522332139510691	0.0522332139510691	20
22.496679	23.340797	1.11036324336042	1.11036324336042	20
23.340797	25.569288	0.0177739511656407	0.0177739511656407	20
25.569288	27.870547	0.122623428651172	0.122623428651172	20
27.870547	28.392149	-0.077041035763828	-0.077041035763828	20
28.392149	29.691861	0.122916359392201	0.122916359392201	20
29.691861	32.667198	0.029829050110379	0.029829050110379	20
32.667198	33.1385855	0.379620962055708	0.379620962055708	20
33.1385855	34.10493	-0.0606239910742524	-0.0606239910742524	20
34.10493	34.477068	-0.166502663140165	-0.166502663140165	20
34.477068	34.715689	-0.0140507531329123	-0.0140507531329123	20
34.715689	34.7564995	0.141432790929296	0.141432790929296	20
34.7564995	34.802363	0.599317793698226	0.599317793698226	20
34.802363	37.5847545	-0.0232674547457692	-0.0232674547457692	20
37.5847545	38.0979235	-0.160040412510468	-0.160040412510468	20
38.0979235	39.0632695	-0.56277226108709	-0.56277226108709	20
39.0632695	40.2407845	-0.841669150829533	-0.841669150829533	20
40.2407845	42.469559	-0.742299190522856	-0.742299190522856	20
42.469559	45.249441	-0.417584982744773	-0.417584982744773	20
45.249441	46.460017	-1.03209362970985	-1.03209362970985	20
46.460017	47.91366	-0.524701593053058	-0.524701593053058	20
10.933092	22.496679	0.0522332139510691	0.0522332139510691	21
22.496679	23.340797	1.11036324336042	1.11036324336042	21
23.340797	25.569288	0.0177739511656407	0.0177739511656407	21
25.569288	27.870547	0.122623428651172	0.122623428651172	21
27.870547	28.392149	-0.077041035763828	-0.077041035763828	21
28.392149	29.691861	0.122916359392201	0.122916359392201	21
29.691861	32.667198	0.029829050110379	0.029829050110379	21
32.667198	33.1385855	0.379620962055708	0.379620962055708	21
33.1385855	34.10493	-0.0606239910742524	-0.0606239910742524	21
34.10493	34.477068	-0.166502663140165	-0.166502663140165	21
34.477068	34.715689	-0.0140507531329123	-0.0140507531329123	21
34.715689	34.7564995	0.141432790929296	0.141432790929296	21
34.7564995	34.802363	0.599317793698226	0.599317793698226	21
34.802363	35.4335795	0.0510240030244669	0.0510240030244669	21
35.4335795	37.5847545	-0.0480312740025145	-0.0480312740025145	21
37.5847545	38.0979235	-0.160040412510468	-0.160040412510468	21
38.0979235	39.0632695	-0.56277226108709	-0.56277226108709	21
39.0632695	40.2407845	-0.841669150829533	-0.841669150829533	21
40.2407845	42.469559	-0.742299190522856	-0.742299190522856	21
42.469559	45.249441	-0.417584982744773	-0.417584982744773	21
45.249441	46.460017	-1.03209362970985	-1.03209362970985	21
46.460017	47.91366	-0.524701593053058	-0.524701593053058	21
10.933092	22.496679	0.0522332139510691	0.0522332139510691	22
22.496679	23.340797	1.11036324336042	1.11036324336042	22
23.340797	25.569288	0.0177739511656407	0.0177739511656407	22
25.569288	27.870547	0.122623428651172	0.122623428651172	22
27.870547	28.392149	-0.077041035763828	-0.077041035763828	22
28.392149	29.691861	0.122916359392201	0.122916359392201	22
29.691861	32.667198	0.029829050110379	0.029829050110379	22
32.667198	33.1385855	0.379620962055708	0.379620962055708	22
33.1385855	34.10493	-0.0606239910742524	-0.0606239910742524	22
34.10493	34.477068	-0.166502663140165	-0.166502663140165	22
34.477068	34.715689	-0.0140507531329123	-0.0140507531329123	22
34.715689	34.7564995	0.141432790929296	0.141432790929296	22
34.7564995	34.802363	0.599317793698226	0.599317793698226	22
34.802363	35.4335795	0.0510240030244669	0.0510240030244669	22
35.4335795	36.860689	-0.0827867747089975	-0.0827867747089975	22
36.860689	37.5847545	0.0214797274104514	0.0214797274104514	22
37.5847545	38.0979235	-0.160040412510468	-0.160040412510468	22
38.0979235	39.0632695	-0.56277226108709	-0.56277226108709	22
39.0632695	40.2407845	-0.841669150829533	-0.841669150829533	22
40.2407845	42.469559	-0.742299190522856	-0.742299190522856	22
42.469559	45.249441	-0.417584982744773	-0.417584982744773	22
45.249441	46.460017	-1.03209362970985	-1.03209362970985	22
46.460017	47.91366	-0.524701593053058	-0.524701593053058	22
10.933092	22.496679	0.0522332139510691	0.0522332139510691	23
22.496679	23.340797	1.11036324336042	1.11036324336042	23
23.340797	25.569288	0.0177739511656407	0.0177739511656407	23
25.569288	27.870547	0.122623428651172	0.122623428651172	23
27.870547	28.392149	-0.077041035763828	-0.077041035763828	23
28.392149	29.691861	0.122916359392201	0.122916359392201	23
29.691861	31.8102055	0.0509619110450726	0.0509619110450726	23
31.8102055	32.667198	-0.0335695326937018	-0.0335695326937018	23
32.667198	33.1385855	0.379620962055708	0.379620962055708	23
33.1385855	34.10493	-0.0606239910742524	-0.0606239910742524	23
34.10493	34.477068	-0.166502663140165	-0.166502663140165	23
34.477068	34.715689	-0.0140507531329123	-0.0140507531329123	23
34.715689	34.7564995	0.141432790929296	0.141432790929296	23
34.7564995	34.802363	0.599317793698226	0.599317793698226	23
34.802363	35.4335795	0.0510240030244669	0.0510240030244669	23
35.4335795	36.860689	-0.0827867747089975	-0.0827867747089975	23
36.860689	37.5847545	0.0214797274104514	0.0214797274104514	23
37.5847545	38.0979235	-0.160040412510468	-0.160040412510468	23
38.0979235	39.0632695	-0.56277226108709	-0.56277226108709	23
39.0632695	40.2407845	-0.841669150829533	-0.841669150829533	23
40.2407845	42.469559	-0.742299190522856	-0.742299190522856	23
42.469559	45.249441	-0.417584982744773	-0.417584982744773	23
45.249441	46.460017	-1.03209362970985	-1.03209362970985	23
46.460017	47.91366	-0.524701593053058	-0.524701593053058	23
10.933092	15.8234365	0.0665555254394633	0.0665555254394633	24
15.8234365	16.1109935	-0.0499049058263139	-0.0499049058263139	24
16.1109935	18.7252405	0.102499222658012	0.102499222658012	24
18.7252405	22.496679	0.0329070816210108	0.0329070816210108	24
22.496679	23.340797	1.11036324336042	1.11036324336042	24
23.340797	25.569288	0.0177739511656407	0.0177739511656407	24
25.569288	27.870547	0.122623428651172	0.122623428651172	24
27.870547	28.392149	-0.077041035763828	-0.077041035763828	24
28.392149	29.691861	0.122916359392201	0.122916359392201	24
29.691861	32.667198	0.029829050110379	0.029829050110379	24
32.667198	33.1385855	0.379620962055708	0.379620962055708	24
33.1385855	34.10493	-0.0606239910742524	-0.0606239910742524	24
34.10493	34.477068	-0.166502663140165	-0.166502663140165	24
34.477068	34.715689	-0.0140507531329123	-0.0140507531329123	24
34.715689	34.7564995	0.141432790929296	0.141432790929296	24
34.7564995	34.802363	0.599317793698226	0.599317793698226	24
34.802363	35.4335795	0.0510240030244669	0.0510240030244669	24
35.4335795	37.5847545	-0.0480312740025145	-0.0480312740025145	24
37.5847545	38.0979235	-0.160040412510468	-0.160040412510468	24
38.0979235	39.0632695	-0.56277226108709	-0.56277226108709	24
39.0632695	40.2407845	-0.841669150829533	-0.841669150829533	24
40.2407845	42.469559	-0.742299190522856	-0.742299190522856	24
42.469559	45.249441	-0.417584982744773	-0.417584982744773	24
45.249441	46.460017	-1.03209362970985	-1.03209362970985	24
46.460017	47.91366	-0.524701593053058	-0.524701593053058	24
10.933092	15.8234365	0.0665555254394633	0.0665555254394633	25
15.8234365	16.1109935	-0.0499049058263139	-0.0499049058263139	25
16.1109935	18.7252405	0.102499222658012	0.102499222658012	25
18.7252405	22.496679	0.0329070816210108	0.0329070816210108	25
22.496679	23.340797	1.11036324336042	1.11036324336042	25
23.340797	25.569288	0.0177739511656407	0.0177739511656407	25
25.569288	27.870547	0.122623428651172	0.122623428651172	25
27.870547	28.392149	-0.077041035763828	-0.077041035763828	25
28.392149	29.691861	0.122916359392201	0.122916359392201	25
29.691861	32.667198	0.029829050110379	0.029829050110379	25
32.667198	33.1385855	0.379620962055708	0.379620962055708	25
33.1385855	34.10493	-0.0606239910742524	-0.0606239910742524	25
34.10493	34.477068	-0.166502663140165	-0.166502663140165	25
34.477068	34.715689	-0.0140507531329123	-0.0140507531329123	25
34.715689	34.7564995	0.141432790929296	0.141432790929296	25
34.7564995	34.802363	0.599317793698226	0.599317793698226	25
34.802363	35.4335795	0.0510240030244669	0.0510240030244669	25
35.4335795	36.860689	-0.0827867747089975	-0.0827867747089975	25
36.860689	37.5847545	0.0214797274104514	0.0214797274104514	25
37.5847545	38.0979235	-0.160040412510468	-0.160040412510468	25
38.0979235	39.0632695	-0.56277226108709	-0.56277226108709	25
39.0632695	40.2407845	-0.841669150829533	-0.841669150829533	25
40.2407845	42.469559	-0.742299190522856	-0.742299190522856	25
42.469559	45.249441	-0.417584982744773	-0.417584982744773	25
45.249441	46.460017	-1.03209362970985	-1.03209362970985	25
46.460017	47.91366	-0.524701593053058	-0.524701593053058	25
10.933092	15.8234365	0.0665555254394633	0.0665555254394633	26
15.8234365	16.1109935	-0.0499049058263139	-0.0499049058263139	26
16.1109935	18.7252405	0.102499222658012	0.102499222658012	26
18.7252405	22.496679	0.0329070816210108	0.0329070816210108	26
22.496679	23.340797	1.11036324336042	1.11036324336042	26
23.340797	25.569288	0.0177739511656407	0.0177739511656407	26
25.569288	27.870547	0.122623428651172	0.122623428651172	26
27.870547	28.392149	-0.077041035763828	-0.077041035763828	26
28.392149	29.691861	0.122916359392201	0.122916359392201	26
29.691861	31.8102055	0.0509619110450726	0.0509619110450726	26
31.8102055	32.667198	-0.0335695326937018	-0.0335695326937018	26
32.667198	33.1385855	0.379620962055708	0.379620962055708	26
33.1385855	34.10493	-0.0606239910742524	-0.0606239910742524	26
34.10493	34.477068	-0.166502663140165	-0.166502663140165	26
34.477068	34.715689	-0.0140507531329123	-0.0140507531329123	26
34.715689	34.7564995	0.141432790929296	0.141432790929296	26
34.7564995	34.802363	0.599317793698226	0.599317793698226	26
34.802363	35.4335795	0.0510240030244669	0.0510240030244669	26
35.4335795	36.860689	-0.0827867747089975	-0.0827867747089975	26
36.860689	37.5847545	0.0214797274104514	0.0214797274104514	26
37.5847545	38.0979235	-0.160040412510468	-0.160040412510468	26
38.0979235	39.0632695	-0.56277226108709	-0.56277226108709	26
39.0632695	40.2407845	-0.841669150829533	-0.841669150829533	26
40.2407845	42.469559	-0.742299190522856	-0.742299190522856	26
42.469559	45.249441	-0.417584982744773	-0.417584982744773	26
45.249441	46.460017	-1.03209362970985	-1.03209362970985	26
46.460017	47.91366	-0.524701593053058	-0.524701593053058	26
10.933092	15.8234365	0.0665555254394633	0.0665555254394633	27
15.8234365	16.1109935	-0.0499049058263139	-0.0499049058263139	27
16.1109935	18.7252405	0.102499222658012	0.102499222658012	27
18.7252405	22.496679	0.0329070816210108	0.0329070816210108	27
22.496679	23.340797	1.11036324336042	1.11036324336042	27
23.340797	25.569288	0.0177739511656407	0.0177739511656407	27
25.569288	27.870547	0.122623428651172	0.122623428651172	27
27.870547	28.392149	-0.077041035763828	-0.077041035763828	27
28.392149	29.691861	0.122916359392201	0.122916359392201	27
29.691861	31.8102055	0.0509619110450726	0.0509619110450726	27
31.8102055	32.667198	-0.0335695326937018	-0.0335695326937018	27
32.667198	33.1385855	0.379620962055708	0.379620962055708	27
33.1385855	34.10493	-0.0606239910742524	-0.0606239910742524	27
34.10493	34.477068	-0.166502663140165	-0.166502663140165	27
34.477068	34.715689	-0.0140507531329123	-0.0140507531329123	27
34.715689	34.7564995	0.141432790929296	0.141432790929296	27
34.7564995	34.802363	0.599317793698226	0.599317793698226	27
34.802363	35.4335795	0.0510240030244669	0.0510240030244669	27
35.4335795	36.860689	-0.0827867747089975	-0.0827867747089975	27
36.860689	37.5847545	0.0214797274104514	0.0214797274104514	27
37.5847545	38.0979235	-0.160040412510468	-0.160040412510468	27
38.0979235	39.0632695	-0.56277226108709	-0.56277226108709	27
39.0632695	40.2407845	-0.841669150829533	-0.841669150829533	27
40.2407845	42.469559	-0.742299190522856	-0.742299190522856	27
42.469559	45.249441	-0.417584982744773	-0.417584982744773	27
45.249441	46.460017	-1.03209362970985	-1.03209362970985	27
46.460017	47.349593	-0.475936324222789	-0.475936324222789	27
47.349593	47.91366	-0.573466861883327	-0.573466861883327	27
10.933092	15.8234365	0.0665555254394633	0.0665555254394633	28
15.8234365	16.1109935	-0.0499049058263139	-0.0499049058263139	28
16.1109935	18.7252405	0.102499222658012	0.102499222658012	28
18.7252405	22.496679	0.0329070816210108	0.0329070816210108	28
22.496679	23.340797	1.11036324336042	1.11036324336042	28
23.340797	25.569288	0.0177739511656407	0.0177739511656407	28
25.569288	27.870547	0.122623428651172	0.122623428651172	28
27.870547	28.392149	-0.077041035763828	-0.077041035763828	28
28.392149	29.691861	0.122916359392201	0.122916359392201	28
29.691861	30.0914705	-0.00144341686966872	-0.00144341686966872	28
30.0914705	31.8102055	0.0771645750024432	0.0771645750024432	28
31.8102055	32.667198	-0.0335695326937018	-0.0335695326937018	28
32.667198	33.1385855	0.379620962055708	0.379620962055708	28
33.1385855	34.10493	-0.0606239910742524	-0.0606239910742524	28
34.10493	34.477068	-0.166502663140165	-0.166502663140165	28
34.477068	34.715689	-0.0140507531329123	-0.0140507531329123	28
34.715689	34.7564995	0.141432790929296	0.141432790929296	28
34.7564995	34.802363	0.599317793698226	0.599317793698226	28
34.802363	35.4335795	0.0510240030244669	0.0510240030244669	28
35.4335795	36.860689	-0.0827867747089975	-0.0827867747089975	28
36.860689	37.5847545	0.0214797274104514	0.0214797274104514	28
37.5847545	38.0979235	-0.160040412510468	-0.160040412510468	28
38.0979235	39.0632695	-0.56277226108709	-0.56277226108709	28
39.0632695	40.2407845	-0.841669150829533	-0.841669150829533	28
40.2407845	42.469559	-0.742299190522856	-0.742299190522856	28
42.469559	45.249441	-0.417584982744773	-0.417584982744773	28
45.249441	46.460017	-1.03209362970985	-1.03209362970985	28
46.460017	47.349593	-0.475936324222789	-0.475936324222789	28
47.349593	47.91366	-0.573466861883327	-0.573466861883327	28
10.933092	15.8234365	0.0665555254394633	0.0665555254394633	29
15.8234365	16.1109935	-0.0499049058263139	-0.0499049058263139	29
16.1109935	18.7252405	0.102499222658012	0.102499222658012	29
18.7252405	22.496679	0.0329070816210108	0.0329070816210108	29
22.496679	23.340797	1.11036324336042	1.11036324336042	29
23.340797	25.569288	0.0177739511656407	0.0177739511656407	29
25.569288	27.870547	0.122623428651172	0.122623428651172	29
27.870547	28.392149	-0.077041035763828	-0.077041035763828	29
28.392149	29.691861	0.122916359392201	0.122916359392201	29
29.691861	30.0914705	-0.00144341686966872	-0.00144341686966872	29
30.0914705	31.8102055	0.0771645750024432	0.0771645750024432	29
31.8102055	32.667198	-0.0335695326937018	-0.0335695326937018	29
32.667198	33.1385855	0.379620962055708	0.379620962055708	29
33.1385855	34.10493	-0.0606239910742524	-0.0606239910742524	29
34.10493	34.477068	-0.166502663140165	-0.166502663140165	29
34.477068	34.715689	-0.0140507531329123	-0.0140507531329123	29
34.715689	34.7564995	0.141432790929296	0.141432790929296	29
34.7564995	34.802363	0.599317793698226	0.599317793698226	29
34.802363	35.4335795	0.0510240030244669	0.0510240030244669	29
35.4335795	36.860689	-0.0827867747089975	-0.0827867747089975	29
36.860689	37.5847545	0.0214797274104514	0.0214797274104514	29
37.5847545	38.0979235	-0.160040412510468	-0.160040412510468	29
38.0979235	39.0632695	-0.56277226108709	-0.56277226108709	29
39.0632695	40.2407845	-0.841669150829533	-0.841669150829533	29
40.2407845	42.469559	-0.742299190522856	-0.742299190522856	29
42.469559	43.556995	-0.375197234747053	-0.375197234747053	29
43.556995	45.249441	-0.459972730742493	-0.459972730742493	29
45.249441	46.460017	-1.03209362970985	-1.03209362970985	29
46.460017	47.349593	-0.475936324222789	-0.475936324222789	29
47.349593	47.91366	-0.573466861883327	-0.573466861883327	29
10.933092	15.8234365	0.0665555254394633	0.0665555254394633	30
15.8234365	16.1109935	-0.0499049058263139	-0.0499049058263139	30
16.1109935	18.7252405	0.102499222658012	0.102499222658012	30
18.7252405	22.496679	0.0329070816210108	0.0329070816210108	30
22.496679	23.340797	1.11036324336042	1.11036324336042	30
23.340797	25.569288	0.0177739511656407	0.0177739511656407	30
25.569288	27.870547	0.122623428651172	0.122623428651172	30
27.870547	28.392149	-0.077041035763828	-0.077041035763828	30
28.392149	29.691861	0.122916359392201	0.122916359392201	30
29.691861	30.0914705	-0.00144341686966872	-0.00144341686966872	30
30.0914705	31.8102055	0.0771645750024432	0.0771645750024432	30
31.8102055	32.667198	-0.0335695326937018	-0.0335695326937018	30
32.667198	33.1385855	0.379620962055708	0.379620962055708	30
33.1385855	34.10493	-0.0606239910742524	-0.0606239910742524	30
34.10493	34.477068	-0.166502663140165	-0.166502663140165	30
34.477068	34.715689	-0.0140507531329123	-0.0140507531329123	30
34.715689	34.7564995	0.141432790929296	0.141432790929296	30
34.7564995	34.802363	0.599317793698226	0.599317793698226	30
34.802363	35.4335795	0.0510240030244669	0.0510240030244669	30
35.4335795	36.860689	-0.0827867747089975	-0.0827867747089975	30
36.860689	37.5847545	0.0214797274104514	0.0214797274104514	30
37.5847545	38.0979235	-0.160040412510468	-0.160040412510468	30
38.0979235	39.0632695	-0.56277226108709	-0.56277226108709	30
39.0632695	40.2407845	-0.841669150829533	-0.841669150829533	30
40.2407845	41.297471	-0.703689439291908	-0.703689439291908	30
41.297471	42.469559	-0.780908941753803	-0.780908941753803	30
42.469559	43.556995	-0.375197234747053	-0.375197234747053	30
43.556995	45.249441	-0.459972730742493	-0.459972730742493	30
45.249441	46.460017	-1.03209362970985	-1.03209362970985	30
46.460017	47.349593	-0.475936324222789	-0.475936324222789	30
47.349593	47.91366	-0.573466861883327	-0.573466861883327	30
10.933092	15.8234365	0.0665555254394633	0.0665555254394633	31
15.8234365	16.1109935	-0.0499049058263139	-0.0499049058263139	31
16.1109935	16.7285465	0.0772429989324604	0.0772429989324604	31
16.7285465	17.6130305	0.155749232677945	0.155749232677945	31
17.6130305	22.496679	0.0412267525695346	0.0412267525695346	31
22.496679	23.340797	1.11036324336042	1.11036324336042	31
23.340797	25.569288	0.0177739511656407	0.0177739511656407	31
25.569288	27.870547	0.122623428651172	0.122623428651172	31
27.870547	28.392149	-0.077041035763828	-0.077041035763828	31
28.392149	29.691861	0.122916359392201	0.122916359392201	31
29.691861	30.0914705	-0.00144341686966872	-0.00144341686966872	31
30.0914705	31.8102055	0.0771645750024432	0.0771645750024432	31
31.8102055	32.667198	-0.0335695326937018	-0.0335695326937018	31
32.667198	33.1385855	0.379620962055708	0.379620962055708	31
33.1385855	34.10493	-0.0606239910742524	-0.0606239910742524	31
34.10493	34.477068	-0.166502663140165	-0.166502663140165	31
34.477068	34.715689	-0.0140507531329123	-0.0140507531329123	31
34.715689	34.7564995	0.141432790929296	0.141432790929296	31
34.7564995	34.802363	0.599317793698226	0.599317793698226	31
34.802363	35.4335795	0.0510240030244669	0.0510240030244669	31
35.4335795	36.860689	-0.0827867747089975	-0.0827867747089975	31
36.860689	37.5847545	0.0214797274104514	0.0214797274104514	31
37.5847545	38.0979235	-0.160040412510468	-0.160040412510468	31
38.0979235	39.0632695	-0.56277226108709	-0.56277226108709	31
39.0632695	40.2407845	-0.841669150829533	-0.841669150829533	31
40.2407845	41.297471	-0.703689439291908	-0.703689439291908	31
41.297471	42.469559	-0.780908941753803	-0.780908941753803	31
42.469559	43.556995	-0.375197234747053	-0.375197234747053	31
43.556995	45.249441	-0.459972730742493	-0.459972730742493	31
45.249441	46.460017	-1.03209362970985	-1.03209362970985	31
46.460017	47.349593	-0.475936324222789	-0.475936324222789	31
47.349593	47.91366	-0.573466861883327	-0.573466861883327	31
10.933092	15.8234365	0.0665555254394633	0.0665555254394633	32
15.8234365	16.1109935	-0.0499049058263139	-0.0499049058263139	32
16.1109935	16.7285465	0.0772429989324604	0.0772429989324604	32
16.7285465	17.6130305	0.155749232677945	0.155749232677945	32
17.6130305	22.496679	0.0412267525695346	0.0412267525695346	32
22.496679	23.340797	1.11036324336042	1.11036324336042	32
23.340797	25.569288	0.0177739511656407	0.0177739511656407	32
25.569288	27.870547	0.122623428651172	0.122623428651172	32
27.870547	28.392149	-0.077041035763828	-0.077041035763828	32
28.392149	29.691861	0.122916359392201	0.122916359392201	32
29.691861	30.0914705	-0.00144341686966872	-0.00144341686966872	32
30.0914705	31.8102055	0.0771645750024432	0.0771645750024432	32
31.8102055	32.667198	-0.0335695326937018	-0.0335695326937018	32
32.667198	33.1385855	0.379620962055708	0.379620962055708	32
33.1385855	34.10493	-0.0606239910742524	-0.0606239910742524	32
34.10493	34.477068	-0.166502663140165	-0.166502663140165	32
34.477068	34.715689	-0.0140507531329123	-0.0140507531329123	32
34.715689	34.7564995	0.141432790929296	0.141432790929296	32
34.7564995	34.802363	0.599317793698226	0.599317793698226	32
34.802363	35.4335795	0.0510240030244669	0.0510240030244669	32
35.4335795	36.1838665	-0.117161344232749	-0.117161344232749	32
36.1838665	36.860689	-0.0484122051852459	-0.0484122051852459	32
36.860689	37.5847545	0.0214797274104514	0.0214797274104514	32
37.5847545	38.0979235	-0.160040412510468	-0.160040412510468	32
38.0979235	39.0632695	-0.56277226108709	-0.56277226108709	32
39.0632695	40.2407845	-0.841669150829533	-0.841669150829533	32
40.2407845	41.297471	-0.703689439291908	-0.703689439291908	32
41.297471	42.469559	-0.780908941753803	-0.780908941753803	32
42.469559	43.556995	-0.375197234747053	-0.375197234747053	32
43.556995	45.249441	-0.459972730742493	-0.459972730742493	32
45.249441	46.460017	-1.03209362970985	-1.03209362970985	32
46.460017	47.349593	-0.475936324222789	-0.475936324222789	32
47.349593	47.91366	-0.573466861883327	-0.573466861883327	32
10.933092	13.3684385	0.0328061450832415	0.0328061450832415	33
13.3684385	15.8234365	0.100304905795685	0.100304905795685	33
15.8234365	16.1109935	-0.0499049058263139	-0.0499049058263139	33
16.1109935	16.7285465	0.0772429989324604	0.0772429989324604	33
16.7285465	17.6130305	0.155749232677945	0.155749232677945	33
17.6130305	22.496679	0.0412267525695346	0.0412267525695346	33
22.496679	23.340797	1.11036324336042	1.11036324336042	33
23.340797	25.569288	0.0177739511656407	0.0177739511656407	33
25.569288	27.870547	0.122623428651172	0.122623428651172	33
27.870547	28.392149	-0.077041035763828	-0.077041035763828	33
28.392149	29.691861	0.122916359392201	0.122916359392201	33
29.691861	30.0914705	-0.00144341686966872	-0.00144341686966872	33
30.0914705	31.8102055	0.0771645750024432	0.0771645750024432	33
31.8102055	32.667198	-0.0335695326937018	-0.0335695326937018	33
32.667198	33.1385855	0.379620962055708	0.379620962055708	33
33.1385855	34.10493	-0.0606239910742524	-0.0606239910742524	33
34.10493	34.477068	-0.166502663140165	-0.166502663140165	33
34.477068	34.715689	-0.0140507531329123	-0.0140507531329123	33
34.715689	34.7564995	0.141432790929296	0.141432790929296	33
34.7564995	34.802363	0.599317793698226	0.599317793698226	33
34.802363	35.4335795	0.0510240030244669	0.0510240030244669	33
35.4335795	36.1838665	-0.117161344232749	-0.117161344232749	33
36.1838665	36.860689	-0.0484122051852459	-0.0484122051852459	33
36.860689	37.5847545	0.0214797274104514	0.0214797274104514	33
37.5847545	38.0979235	-0.160040412510468	-0.160040412510468	33
38.0979235	39.0632695	-0.56277226108709	-0.56277226108709	33
39.0632695	40.2407845	-0.841669150829533	-0.841669150829533	33
40.2407845	41.297471	-0.703689439291908	-0.703689439291908	33
41.297471	42.469559	-0.780908941753803	-0.780908941753803	33
42.469559	43.556995	-0.375197234747053	-0.375197234747053	33
43.556995	45.249441	-0.459972730742493	-0.459972730742493	33
45.249441	46.460017	-1.03209362970985	-1.03209362970985	33
46.460017	47.349593	-0.475936324222789	-0.475936324222789	33
47.349593	47.91366	-0.573466861883327	-0.573466861883327	33
10.933092	13.3684385	0.0328061450832415	0.0328061450832415	34
13.3684385	15.8234365	0.100304905795685	0.100304905795685	34
15.8234365	16.1109935	-0.0499049058263139	-0.0499049058263139	34
16.1109935	16.7285465	0.0772429989324604	0.0772429989324604	34
16.7285465	17.6130305	0.155749232677945	0.155749232677945	34
17.6130305	22.496679	0.0412267525695346	0.0412267525695346	34
22.496679	23.340797	1.11036324336042	1.11036324336042	34
23.340797	25.569288	0.0177739511656407	0.0177739511656407	34
25.569288	26.758508	0.155749232677945	0.155749232677945	34
26.758508	27.870547	0.106060526637786	0.106060526637786	34
27.870547	28.392149	-0.077041035763828	-0.077041035763828	34
28.392149	29.691861	0.122916359392201	0.122916359392201	34
29.691861	30.0914705	-0.00144341686966872	-0.00144341686966872	34
30.0914705	31.8102055	0.0771645750024432	0.0771645750024432	34
31.8102055	32.667198	-0.0335695326937018	-0.0335695326937018	34
32.667198	33.1385855	0.379620962055708	0.379620962055708	34
33.1385855	34.10493	-0.0606239910742524	-0.0606239910742524	34
34.10493	34.477068	-0.166502663140165	-0.166502663140165	34
34.477068	34.715689	-0.0140507531329123	-0.0140507531329123	34
34.715689	34.7564995	0.141432790929296	0.141432790929296	34
34.7564995	34.802363	0.599317793698226	0.599317793698226	34
34.802363	35.4335795	0.0510240030244669	0.0510240030244669	34
35.4335795	36.1838665	-0.117161344232749	-0.117161344232749	34
36.1838665	36.860689	-0.0484122051852459	-0.0484122051852459	34
36.860689	37.5847545	0.0214797274104514	0.0214797274104514	34
37.5847545	38.0979235	-0.160040412510468	-0.160040412510468	34
38.0979235	39.0632695	-0.56277226108709	-0.56277226108709	34
39.0632695	40.2407845	-0.841669150829533	-0.841669150829533	34
40.2407845	41.297471	-0.703689439291908	-0.703689439291908	34
41.297471	42.469559	-0.780908941753803	-0.780908941753803	34
42.469559	43.556995	-0.375197234747053	-0.375197234747053	34
43.556995	45.249441	-0.459972730742493	-0.459972730742493	34
45.249441	46.460017	-1.03209362970985	-1.03209362970985	34
46.460017	47.349593	-0.475936324222789	-0.475936324222789	34
47.349593	47.91366	-0.573466861883327	-0.573466861883327	34
10.933092	13.3684385	0.0328061450832415	0.0328061450832415	35
13.3684385	15.8234365	0.100304905795685	0.100304905795685	35
15.8234365	16.1109935	-0.0499049058263139	-0.0499049058263139	35
16.1109935	16.7285465	0.0772429989324604	0.0772429989324604	35
16.7285465	17.6130305	0.155749232677945	0.155749232677945	35
17.6130305	20.310839	0.0495181878929175	0.0495181878929175	35
20.310839	21.7381765	-0.00868224309980088	-0.00868224309980088	35
21.7381765	22.496679	0.0662614422687213	0.0662614422687213	35
22.496679	23.340797	1.11036324336042	1.11036324336042	35
23.340797	25.569288	0.0177739511656407	0.0177739511656407	35
25.569288	27.870547	0.122623428651172	0.122623428651172	35
27.870547	28.392149	-0.077041035763828	-0.077041035763828	35
28.392149	29.691861	0.122916359392201	0.122916359392201	35
29.691861	30.0914705	-0.00144341686966872	-0.00144341686966872	35
30.0914705	31.8102055	0.0771645750024432	0.0771645750024432	35
31.8102055	32.667198	-0.0335695326937018	-0.0335695326937018	35
32.667198	33.1385855	0.379620962055708	0.379620962055708	35
33.1385855	34.10493	-0.0606239910742524	-0.0606239910742524	35
34.10493	34.477068	-0.166502663140165	-0.166502663140165	35
34.477068	34.715689	-0.0140507531329123	-0.0140507531329123	35
34.715689	34.7564995	0.141432790929296	0.141432790929296	35
34.7564995	34.802363	0.599317793698226	0.599317793698226	35
34.802363	35.4335795	0.0510240030244669	0.0510240030244669	35
35.4335795	36.1838665	-0.117161344232749	-0.117161344232749	35
36.1838665	36.860689	-0.0484122051852459	-0.0484122051852459	35
36.860689	37.5847545	0.0214797274104514	0.0214797274104514	35
37.5847545	38.0979235	-0.160040412510468	-0.160040412510468	35
38.0979235	39.0632695	-0.56277226108709	-0.56277226108709	35
39.0632695	40.2407845	-0.841669150829533	-0.841669150829533	35
40.2407845	41.297471	-0.703689439291908	-0.703689439291908	35
41.297471	42.469559	-0.780908941753803	-0.780908941753803	35
42.469559	43.556995	-0.375197234747053	-0.375197234747053	35
43.556995	45.249441	-0.459972730742493	-0.459972730742493	35
45.249441	46.460017	-1.03209362970985	-1.03209362970985	35
46.460017	47.349593	-0.475936324222789	-0.475936324222789	35
47.349593	47.91366	-0.573466861883327	-0.573466861883327	35
10.933092	13.3684385	0.0328061450832415	0.0328061450832415	36
13.3684385	15.8234365	0.100304905795685	0.100304905795685	36
15.8234365	16.1109935	-0.0499049058263139	-0.0499049058263139	36
16.1109935	16.7285465	0.0772429989324604	0.0772429989324604	36
16.7285465	17.6130305	0.155749232677945	0.155749232677945	36
17.6130305	20.310839	0.0495181878929175	0.0495181878929175	36
20.310839	21.7381765	-0.00868224309980088	-0.00868224309980088	36
21.7381765	22.496679	0.0662614422687213	0.0662614422687213	36
22.496679	23.340797	1.11036324336042	1.11036324336042	36
23.340797	25.569288	0.0177739511656407	0.0177739511656407	36
25.569288	26.758508	0.155749232677945	0.155749232677945	36
26.758508	27.870547	0.106060526637786	0.106060526637786	36
27.870547	28.392149	-0.077041035763828	-0.077041035763828	36
28.392149	29.691861	0.122916359392201	0.122916359392201	36
29.691861	30.0914705	-0.00144341686966872	-0.00144341686966872	36
30.0914705	31.8102055	0.0771645750024432	0.0771645750024432	36
31.8102055	32.667198	-0.0335695326937018	-0.0335695326937018	36
32.667198	33.1385855	0.379620962055708	0.379620962055708	36
33.1385855	34.10493	-0.0606239910742524	-0.0606239910742524	36
34.10493	34.477068	-0.166502663140165	-0.166502663140165	36
34.477068	34.715689	-0.0140507531329123	-0.0140507531329123	36
34.715689	34.7564995	0.141432790929296	0.141432790929296	36
34.7564995	34.802363	0.599317793698226	0.599317793698226	36
34.802363	35.4335795	0.0510240030244669	0.0510240030244669	36
35.4335795	36.1838665	-0.117161344232749	-0.117161344232749	36
36.1838665	36.860689	-0.0484122051852459	-0.0484122051852459	36
36.860689	37.5847545	0.0214797274104514	0.0214797274104514	36
37.5847545	38.0979235	-0.160040412510468	-0.160040412510468	36
38.0979235	39.0632695	-0.56277226108709	-0.56277226108709	36
39.0632695	40.2407845	-0.841669150829533	-0.841669150829533	36
40.2407845	41.297471	-0.703689439291908	-0.703689439291908	36
41.297471	42.469559	-0.780908941753803	-0.780908941753803	36
42.469559	43.556995	-0.375197234747053	-0.375197234747053	36
43.556995	45.249441	-0.459972730742493	-0.459972730742493	36
45.249441	46.460017	-1.03209362970985	-1.03209362970985	36
46.460017	47.349593	-0.475936324222789	-0.475936324222789	36
47.349593	47.91366	-0.573466861883327	-0.573466861883327	36
10.933092	13.3684385	0.0328061450832415	0.0328061450832415	37
13.3684385	15.8234365	0.100304905795685	0.100304905795685	37
15.8234365	16.1109935	-0.0499049058263139	-0.0499049058263139	37
16.1109935	16.7285465	0.0772429989324604	0.0772429989324604	37
16.7285465	17.6130305	0.155749232677945	0.155749232677945	37
17.6130305	20.310839	0.0495181878929175	0.0495181878929175	37
20.310839	21.7381765	-0.00868224309980088	-0.00868224309980088	37
21.7381765	22.496679	0.0662614422687213	0.0662614422687213	37
22.496679	23.340797	1.11036324336042	1.11036324336042	37
23.340797	25.569288	0.0177739511656407	0.0177739511656407	37
25.569288	26.758508	0.155749232677945	0.155749232677945	37
26.758508	27.3939	0.0772429989324604	0.0772429989324604	37
27.3939	27.870547	0.134878054343112	0.134878054343112	37
27.870547	28.392149	-0.077041035763828	-0.077041035763828	37
28.392149	29.691861	0.122916359392201	0.122916359392201	37
29.691861	30.0914705	-0.00144341686966872	-0.00144341686966872	37
30.0914705	31.8102055	0.0771645750024432	0.0771645750024432	37
31.8102055	32.667198	-0.0335695326937018	-0.0335695326937018	37
32.667198	33.1385855	0.379620962055708	0.379620962055708	37
33.1385855	34.10493	-0.0606239910742524	-0.0606239910742524	37
34.10493	34.477068	-0.166502663140165	-0.166502663140165	37
34.477068	34.715689	-0.0140507531329123	-0.0140507531329123	37
34.715689	34.7564995	0.141432790929296	0.141432790929296	37
34.7564995	34.802363	0.599317793698226	0.599317793698226	37
34.802363	35.4335795	0.0510240030244669	0.0510240030244669	37
35.4335795	36.1838665	-0.117161344232749	-0.117161344232749	37
36.1838665	36.860689	-0.0484122051852459	-0.0484122051852459	37
36.860689	37.5847545	0.0214797274104514	0.0214797274104514	37
37.5847545	38.0979235	-0.160040412510468	-0.160040412510468	37
38.0979235	39.0632695	-0.56277226108709	-0.56277226108709	37
39.0632695	40.2407845	-0.841669150829533	-0.841669150829533	37
40.2407845	41.297471	-0.703689439291908	-0.703689439291908	37
41.297471	42.469559	-0.780908941753803	-0.780908941753803	37
42.469559	43.556995	-0.375197234747053	-0.375197234747053	37
43.556995	45.249441	-0.459972730742493	-0.459972730742493	37
45.249441	46.460017	-1.03209362970985	-1.03209362970985	37
46.460017	47.349593	-0.475936324222789	-0.475936324222789	37
47.349593	47.91366	-0.573466861883327	-0.573466861883327	37
10.933092	13.3684385	0.0328061450832415	0.0328061450832415	38
13.3684385	15.8234365	0.100304905795685	0.100304905795685	38
15.8234365	16.1109935	-0.0499049058263139	-0.0499049058263139	38
16.1109935	16.7285465	0.0772429989324604	0.0772429989324604	38
16.7285465	17.6130305	0.155749232677945	0.155749232677945	38
17.6130305	20.310839	0.0495181878929175	0.0495181878929175	38
20.310839	21.7381765	-0.00868224309980088	-0.00868224309980088	38
21.7381765	22.496679	0.0662614422687213	0.0662614422687213	38
22.496679	23.340797	1.11036324336042	1.11036324336042	38
23.340797	25.569288	0.0177739511656407	0.0177739511656407	38
25.569288	26.758508	0.155749232677945	0.155749232677945	38
26.758508	27.3939	0.0772429989324604	0.0772429989324604	38
27.3939	27.870547	0.134878054343112	0.134878054343112	38
27.870547	28.392149	-0.077041035763828	-0.077041035763828	38
28.392149	29.691861	0.122916359392201	0.122916359392201	38
29.691861	30.0914705	-0.00144341686966872	-0.00144341686966872	38
30.0914705	31.8102055	0.0771645750024432	0.0771645750024432	38
31.8102055	32.667198	-0.0335695326937018	-0.0335695326937018	38
32.667198	33.1385855	0.379620962055708	0.379620962055708	38
33.1385855	34.10493	-0.0606239910742524	-0.0606239910742524	38
34.10493	34.477068	-0.166502663140165	-0.166502663140165	38
34.477068	34.695965	0.0143552929770701	0.0143552929770701	38
34.695965	34.715689	-0.0424567992428948	-0.0424567992428948	38
34.715689	34.7564995	0.141432790929296	0.141432790929296	38
34.7564995	34.802363	0.599317793698226	0.599317793698226	38
34.802363	35.4335795	0.0510240030244669	0.0510240030244669	38
35.4335795	36.1838665	-0.117161344232749	-0.117161344232749	38
36.1838665	36.860689	-0.0484122051852459	-0.0484122051852459	38
36.860689	37.5847545	0.0214797274104514	0.0214797274104514	38
37.5847545	38.0979235	-0.160040412510468	-0.160040412510468	38
38.0979235	39.0632695	-0.56277226108709	-0.56277226108709	38
39.0632695	40.2407845	-0.841669150829533	-0.841669150829533	38
40.2407845	41.297471	-0.703689439291908	-0.703689439291908	38
41.297471	42.469559	-0.780908941753803	-0.780908941753803	38
42.469559	43.556995	-0.375197234747053	-0.375197234747053	38
43.556995	45.249441	-0.459972730742493	-0.459972730742493	38
45.249441	46.460017	-1.03209362970985	-1.03209362970985	38
46.460017	47.349593	-0.475936324222789	-0.475936324222789	38
47.349593	47.91366	-0.573466861883327	-0.573466861883327	38
10.933092	13.3684385	0.0328061450832415	0.0328061450832415	39
13.3684385	15.8234365	0.100304905795685	0.100304905795685	39
15.8234365	16.1109935	-0.0499049058263139	-0.0499049058263139	39
16.1109935	16.7285465	0.0772429989324604	0.0772429989324604	39
16.7285465	17.6130305	0.155749232677945	0.155749232677945	39
17.6130305	20.310839	0.0495181878929175	0.0495181878929175	39
20.310839	21.7381765	-0.00868224309980088	-0.00868224309980088	39
21.7381765	22.496679	0.0662614422687213	0.0662614422687213	39
22.496679	23.340797	1.11036324336042	1.11036324336042	39
23.340797	25.569288	0.0177739511656407	0.0177739511656407	39
25.569288	26.758508	0.155749232677945	0.155749232677945	39
26.758508	27.3939	0.0772429989324604	0.0772429989324604	39
27.3939	27.870547	0.134878054343112	0.134878054343112	39
27.870547	28.392149	-0.077041035763828	-0.077041035763828	39
28.392149	29.691861	0.122916359392201	0.122916359392201	39
29.691861	30.0914705	-0.00144341686966872	-0.00144341686966872	39
30.0914705	31.8102055	0.0771645750024432	0.0771645750024432	39
31.8102055	32.667198	-0.0335695326937018	-0.0335695326937018	39
32.667198	33.1385855	0.379620962055708	0.379620962055708	39
33.1385855	33.640477	-0.0862010350493039	-0.0862010350493039	39
33.640477	34.10493	-0.0350469470992008	-0.0350469470992008	39
34.10493	34.477068	-0.166502663140165	-0.166502663140165	39
34.477068	34.695965	0.0143552929770701	0.0143552929770701	39
34.695965	34.715689	-0.0424567992428948	-0.0424567992428948	39
34.715689	34.7564995	0.141432790929296	0.141432790929296	39
34.7564995	34.802363	0.599317793698226	0.599317793698226	39
34.802363	35.4335795	0.0510240030244669	0.0510240030244669	39
35.4335795	36.1838665	-0.117161344232749	-0.117161344232749	39
36.1838665	36.860689	-0.0484122051852459	-0.0484122051852459	39
36.860689	37.5847545	0.0214797274104514	0.0214797274104514	39
37.5847545	38.0979235	-0.160040412510468	-0.160040412510468	39
38.0979235	39.0632695	-0.56277226108709	-0.56277226108709	39
39.0632695	40.2407845	-0.841669150829533	-0.841669150829533	39
40.2407845	41.297471	-0.703689439291908	-0.703689439291908	39
41.297471	42.469559	-0.780908941753803	-0.780908941753803	39
42.469559	43.556995	-0.375197234747053	-0.375197234747053	39
43.556995	45.249441	-0.459972730742493	-0.459972730742493	39
45.249441	46.460017	-1.03209362970985	-1.03209362970985	39
46.460017	47.349593	-0.475936324222789	-0.475936324222789	39
47.349593	47.91366	-0.573466861883327	-0.573466861883327	39
10.933092	13.3684385	0.0328061450832415	0.0328061450832415	40
13.3684385	15.8234365	0.100304905795685	0.100304905795685	40
15.8234365	16.1109935	-0.0499049058263139	-0.0499049058263139	40
16.1109935	16.7285465	0.0772429989324604	0.0772429989324604	40
16.7285465	17.6130305	0.155749232677945	0.155749232677945	40
17.6130305	18.7252405	0.0745054363636298	0.0745054363636298	40
18.7252405	20.310839	0.0370245636575614	0.0370245636575614	40
20.310839	21.7381765	-0.00868224309980088	-0.00868224309980088	40
21.7381765	22.496679	0.0662614422687213	0.0662614422687213	40
22.496679	23.340797	1.11036324336042	1.11036324336042	40
23.340797	25.569288	0.0177739511656407	0.0177739511656407	40
25.569288	26.758508	0.155749232677945	0.155749232677945	40
26.758508	27.3939	0.0772429989324604	0.0772429989324604	40
27.3939	27.870547	0.134878054343112	0.134878054343112	40
27.870547	28.392149	-0.077041035763828	-0.077041035763828	40
28.392149	29.691861	0.122916359392201	0.122916359392201	40
29.691861	30.0914705	-0.00144341686966872	-0.00144341686966872	40
30.0914705	31.8102055	0.0771645750024432	0.0771645750024432	40
31.8102055	32.667198	-0.0335695326937018	-0.0335695326937018	40
32.667198	33.1385855	0.379620962055708	0.379620962055708	40
33.1385855	33.640477	-0.0862010350493039	-0.0862010350493039	40
33.640477	34.10493	-0.0350469470992008	-0.0350469470992008	40
34.10493	34.477068	-0.166502663140165	-0.166502663140165	40
34.477068	34.695965	0.0143552929770701	0.0143552929770701	40
34.695965	34.715689	-0.0424567992428948	-0.0424567992428948	40
34.715689	34.7564995	0.141432790929296	0.141432790929296	40
34.7564995	34.802363	0.599317793698226	0.599317793698226	40
34.802363	35.4335795	0.0510240030244669	0.0510240030244669	40
35.4335795	36.1838665	-0.117161344232749	-0.117161344232749	40
36.1838665	36.860689	-0.0484122051852459	-0.0484122051852459	40
36.860689	37.5847545	0.0214797274104514	0.0214797274104514	40
37.5847545	38.0979235	-0.160040412510468	-0.160040412510468	40
38.0979235	39.0632695	-0.56277226108709	-0.56277226108709	40
39.0632695	40.2407845	-0.841669150829533	-0.841669150829533	40
40.2407845	41.297471	-0.703689439291908	-0.703689439291908	40
41.297471	42.469559	-0.780908941753803	-0.780908941753803	40
42.469559	43.556995	-0.375197234747053	-0.375197234747053	40
43.556995	45.249441	-0.459972730742493	-0.459972730742493	40
45.249441	46.460017	-1.03209362970985	-1.03209362970985	40
46.460017	47.349593	-0.475936324222789	-0.475936324222789	40
47.349593	47.91366	-0.573466861883327	-0.573466861883327	40
10.933092	13.3684385	0.0328061450832415	0.0328061450832415	41
13.3684385	15.8234365	0.100304905795685	0.100304905795685	41
15.8234365	16.1109935	-0.0499049058263139	-0.0499049058263139	41
16.1109935	16.7285465	0.0772429989324604	0.0772429989324604	41
16.7285465	17.6130305	0.155749232677945	0.155749232677945	41
17.6130305	18.7252405	0.0745054363636298	0.0745054363636298	41
18.7252405	20.310839	0.0370245636575614	0.0370245636575614	41
20.310839	21.7381765	-0.00868224309980088	-0.00868224309980088	41
21.7381765	22.496679	0.0662614422687213	0.0662614422687213	41
22.496679	23.340797	1.11036324336042	1.11036324336042	41
23.340797	24.260864	-0.00288827932482651	-0.00288827932482651	41
24.260864	25.569288	0.0384361816561079	0.0384361816561079	41
25.569288	26.758508	0.155749232677945	0.155749232677945	41
26.758508	27.3939	0.0772429989324604	0.0772429989324604	41
27.3939	27.870547	0.134878054343112	0.134878054343112	41
27.870547	28.392149	-0.077041035763828	-0.077041035763828	41
28.392149	29.691861	0.122916359392201	0.122916359392201	41
29.691861	30.0914705	-0.00144341686966872	-0.00144341686966872	41
30.0914705	31.8102055	0.0771645750024432	0.0771645750024432	41
31.8102055	32.667198	-0.0335695326937018	-0.0335695326937018	41
32.667198	33.1385855	0.379620962055708	0.379620962055708	41
33.1385855	33.640477	-0.0862010350493039	-0.0862010350493039	41
33.640477	34.10493	-0.0350469470992008	-0.0350469470992008	41
34.10493	34.477068	-0.166502663140165	-0.166502663140165	41
34.477068	34.695965	0.0143552929770701	0.0143552929770701	41
34.695965	34.715689	-0.0424567992428948	-0.0424567992428948	41
34.715689	34.7564995	0.141432790929296	0.141432790929296	41
34.7564995	34.802363	0.599317793698226	0.599317793698226	41
34.802363	35.4335795	0.0510240030244669	0.0510240030244669	41
35.4335795	36.1838665	-0.117161344232749	-0.117161344232749	41
36.1838665	36.860689	-0.0484122051852459	-0.0484122051852459	41
36.860689	37.5847545	0.0214797274104514	0.0214797274104514	41
37.5847545	38.0979235	-0.160040412510468	-0.160040412510468	41
38.0979235	39.0632695	-0.56277226108709	-0.56277226108709	41
39.0632695	40.2407845	-0.841669150829533	-0.841669150829533	41
40.2407845	41.297471	-0.703689439291908	-0.703689439291908	41
41.297471	42.469559	-0.780908941753803	-0.780908941753803	41
42.469559	43.556995	-0.375197234747053	-0.375197234747053	41
43.556995	45.249441	-0.459972730742493	-0.459972730742493	41
45.249441	46.460017	-1.03209362970985	-1.03209362970985	41
46.460017	47.349593	-0.475936324222789	-0.475936324222789	41
47.349593	47.91366	-0.573466861883327	-0.573466861883327	41
10.933092	13.3684385	0.0328061450832415	0.0328061450832415	42
13.3684385	15.8234365	0.100304905795685	0.100304905795685	42
15.8234365	16.1109935	-0.0499049058263139	-0.0499049058263139	42
16.1109935	16.7285465	0.0772429989324604	0.0772429989324604	42
16.7285465	17.6130305	0.155749232677945	0.155749232677945	42
17.6130305	18.7252405	0.0745054363636298	0.0745054363636298	42
18.7252405	20.310839	0.0370245636575614	0.0370245636575614	42
20.310839	21.7381765	-0.00868224309980088	-0.00868224309980088	42
21.7381765	22.496679	0.0662614422687213	0.0662614422687213	42
22.496679	23.340797	1.11036324336042	1.11036324336042	42
23.340797	24.260864	-0.00288827932482651	-0.00288827932482651	42
24.260864	25.569288	0.0384361816561079	0.0384361816561079	42
25.569288	26.758508	0.155749232677945	0.155749232677945	42
26.758508	27.3939	0.0772429989324604	0.0772429989324604	42
27.3939	27.870547	0.134878054343112	0.134878054343112	42
27.870547	28.392149	-0.077041035763828	-0.077041035763828	42
28.392149	29.0670225	0.138814468902282	0.138814468902282	42
29.0670225	29.691861	0.10701824988212	0.10701824988212	42
29.691861	30.0914705	-0.00144341686966872	-0.00144341686966872	42
30.0914705	31.8102055	0.0771645750024432	0.0771645750024432	42
31.8102055	32.667198	-0.0335695326937018	-0.0335695326937018	42
32.667198	33.1385855	0.379620962055708	0.379620962055708	42
33.1385855	33.640477	-0.0862010350493039	-0.0862010350493039	42
33.640477	34.10493	-0.0350469470992008	-0.0350469470992008	42
34.10493	34.477068	-0.166502663140165	-0.166502663140165	42
34.477068	34.695965	0.0143552929770701	0.0143552929770701	42
34.695965	34.715689	-0.0424567992428948	-0.0424567992428948	42
34.715689	34.7564995	0.141432790929296	0.141432790929296	42
34.7564995	34.802363	0.599317793698226	0.599317793698226	42
34.802363	35.4335795	0.0510240030244669	0.0510240030244669	42
35.4335795	36.1838665	-0.117161344232749	-0.117161344232749	42
36.1838665	36.860689	-0.0484122051852459	-0.0484122051852459	42
36.860689	37.5847545	0.0214797274104514	0.0214797274104514	42
37.5847545	38.0979235	-0.160040412510468	-0.160040412510468	42
38.0979235	39.0632695	-0.56277226108709	-0.56277226108709	42
39.0632695	40.2407845	-0.841669150829533	-0.841669150829533	42
40.2407845	41.297471	-0.703689439291908	-0.703689439291908	42
41.297471	42.469559	-0.780908941753803	-0.780908941753803	42
42.469559	43.556995	-0.375197234747053	-0.375197234747053	42
43.556995	45.249441	-0.459972730742493	-0.459972730742493	42
45.249441	46.460017	-1.03209362970985	-1.03209362970985	42
46.460017	47.349593	-0.475936324222789	-0.475936324222789	42
47.349593	47.91366	-0.573466861883327	-0.573466861883327	42
10.933092	13.3684385	0.0328061450832415	0.0328061450832415	43
13.3684385	15.8234365	0.100304905795685	0.100304905795685	43
15.8234365	16.1109935	-0.0499049058263139	-0.0499049058263139	43
16.1109935	16.7285465	0.0772429989324604	0.0772429989324604	43
16.7285465	17.6130305	0.155749232677945	0.155749232677945	43
17.6130305	18.7252405	0.0745054363636298	0.0745054363636298	43
18.7252405	20.310839	0.0370245636575614	0.0370245636575614	43
20.310839	21.7381765	-0.00868224309980088	-0.00868224309980088	43
21.7381765	22.496679	0.0662614422687213	0.0662614422687213	43
22.496679	23.340797	1.11036324336042	1.11036324336042	43
23.340797	24.260864	-0.00288827932482651	-0.00288827932482651	43
24.260864	25.569288	0.0384361816561079	0.0384361816561079	43
25.569288	26.758508	0.155749232677945	0.155749232677945	43
26.758508	27.3939	0.0772429989324604	0.0772429989324604	43
27.3939	27.870547	0.134878054343112	0.134878054343112	43
27.870547	28.392149	-0.077041035763828	-0.077041035763828	43
28.392149	29.0670225	0.138814468902282	0.138814468902282	43
29.0670225	29.691861	0.10701824988212	0.10701824988212	43
29.691861	30.0914705	-0.00144341686966872	-0.00144341686966872	43
30.0914705	30.6774095	0.0922074380970889	0.0922074380970889	43
30.6774095	31.8102055	0.0621217119077975	0.0621217119077975	43
31.8102055	32.667198	-0.0335695326937018	-0.0335695326937018	43
32.667198	33.1385855	0.379620962055708	0.379620962055708	43
33.1385855	33.640477	-0.0862010350493039	-0.0862010350493039	43
33.640477	34.10493	-0.0350469470992008	-0.0350469470992008	43
34.10493	34.477068	-0.166502663140165	-0.166502663140165	43
34.477068	34.695965	0.0143552929770701	0.0143552929770701	43
34.695965	34.715689	-0.0424567992428948	-0.0424567992428948	43
34.715689	34.7564995	0.141432790929296	0.141432790929296	43
34.7564995	34.802363	0.599317793698226	0.599317793698226	43
34.802363	35.4335795	0.0510240030244669	0.0510240030244669	43
35.4335795	36.1838665	-0.117161344232749	-0.117161344232749	43
36.1838665	36.860689	-0.0484122051852459	-0.0484122051852459	43
36.860689	37.5847545	0.0214797274104514	0.0214797274104514	43
37.5847545	38.0979235	-0.160040412510468	-0.160040412510468	43
38.0979235	39.0632695	-0.56277226108709	-0.56277226108709	43
39.0632695	40.2407845	-0.841669150829533	-0.841669150829533	43
40.2407845	41.297471	-0.703689439291908	-0.703689439291908	43
41.297471	42.469559	-0.780908941753803	-0.780908941753803	43
42.469559	43.556995	-0.375197234747053	-0.375197234747053	43
43.556995	45.249441	-0.459972730742493	-0.459972730742493	43
45.249441	46.460017	-1.03209362970985	-1.03209362970985	43
46.460017	47.349593	-0.475936324222789	-0.475936324222789	43
47.349593	47.91366	-0.573466861883327	-0.573466861883327	43
10.933092	13.3684385	0.0328061450832415	0.0328061450832415	44
13.3684385	15.8234365	0.100304905795685	0.100304905795685	44
15.8234365	16.1109935	-0.0499049058263139	-0.0499049058263139	44
16.1109935	16.7285465	0.0772429989324604	0.0772429989324604	44
16.7285465	17.6130305	0.155749232677945	0.155749232677945	44
17.6130305	18.7252405	0.0745054363636298	0.0745054363636298	44
18.7252405	20.310839	0.0370245636575614	0.0370245636575614	44
20.310839	21.7381765	-0.00868224309980088	-0.00868224309980088	44
21.7381765	22.496679	0.0662614422687213	0.0662614422687213	44
22.496679	23.340797	1.11036324336042	1.11036324336042	44
23.340797	24.260864	-0.00288827932482651	-0.00288827932482651	44
24.260864	25.569288	0.0384361816561079	0.0384361816561079	44
25.569288	26.758508	0.155749232677945	0.155749232677945	44
26.758508	27.3939	0.0772429989324604	0.0772429989324604	44
27.3939	27.870547	0.134878054343112	0.134878054343112	44
27.870547	28.392149	-0.077041035763828	-0.077041035763828	44
28.392149	29.0670225	0.138814468902282	0.138814468902282	44
29.0670225	29.691861	0.10701824988212	0.10701824988212	44
29.691861	30.0914705	-0.00144341686966872	-0.00144341686966872	44
30.0914705	30.6774095	0.0922074380970889	0.0922074380970889	44
30.6774095	31.8102055	0.0621217119077975	0.0621217119077975	44
31.8102055	32.667198	-0.0335695326937018	-0.0335695326937018	44
32.667198	33.1385855	0.379620962055708	0.379620962055708	44
33.1385855	33.640477	-0.0862010350493039	-0.0862010350493039	44
33.640477	34.10493	-0.0350469470992008	-0.0350469470992008	44
34.10493	34.477068	-0.166502663140165	-0.166502663140165	44
34.477068	34.695965	0.0143552929770701	0.0143552929770701	44
34.695965	34.715689	-0.0424567992428948	-0.0424567992428948	44
34.715689	34.7564995	0.141432790929296	0.141432790929296	44
34.7564995	34.802363	0.599317793698226	0.599317793698226	44
34.802363	35.4335795	0.0510240030244669	0.0510240030244669	44
35.4335795	36.1838665	-0.117161344232749	-0.117161344232749	44
36.1838665	36.860689	-0.0484122051852459	-0.0484122051852459	44
36.860689	37.5847545	0.0214797274104514	0.0214797274104514	44
37.5847545	38.0979235	-0.160040412510468	-0.160040412510468	44
38.0979235	39.0632695	-0.56277226108709	-0.56277226108709	44
39.0632695	39.8646845	-0.846843211938579	-0.846843211938579	44
39.8646845	40.2407845	-0.83908212027501	-0.83908212027501	44
40.2407845	41.297471	-0.703689439291908	-0.703689439291908	44
41.297471	42.469559	-0.780908941753803	-0.780908941753803	44
42.469559	43.556995	-0.375197234747053	-0.375197234747053	44
43.556995	45.249441	-0.459972730742493	-0.459972730742493	44
45.249441	46.460017	-1.03209362970985	-1.03209362970985	44
46.460017	47.349593	-0.475936324222789	-0.475936324222789	44
47.349593	47.91366	-0.573466861883327	-0.573466861883327	44
10.933092	13.3684385	0.0328061450832415	0.0328061450832415	45
13.3684385	15.8234365	0.100304905795685	0.100304905795685	45
15.8234365	16.1109935	-0.0499049058263139	-0.0499049058263139	45
16.1109935	16.7285465	0.0772429989324604	0.0772429989324604	45
16.7285465	17.6130305	0.155749232677945	0.155749232677945	45
17.6130305	18.7252405	0.0745054363636298	0.0745054363636298	45
18.7252405	19.310757	0.0412429822318813	0.0412429822318813	45
19.310757	20.310839	0.0328061450832415	0.0328061450832415	45
20.310839	21.7381765	-0.00868224309980088	-0.00868224309980088	45
21.7381765	22.496679	0.0662614422687213	0.0662614422687213	45
22.496679	23.340797	1.11036324336042	1.11036324336042	45
23.340797	24.260864	-0.00288827932482651	-0.00288827932482651	45
24.260864	25.569288	0.0384361816561079	0.0384361816561079	45
25.569288	26.758508	0.155749232677945	0.155749232677945	45
26.758508	27.3939	0.0772429989324604	0.0772429989324604	45
27.3939	27.870547	0.134878054343112	0.134878054343112	45
27.870547	28.392149	-0.077041035763828	-0.077041035763828	45
28.392149	29.0670225	0.138814468902282	0.138814468902282	45
29.0670225	29.691861	0.10701824988212	0.10701824988212	45
29.691861	30.0914705	-0.00144341686966872	-0.00144341686966872	45
30.0914705	30.6774095	0.0922074380970889	0.0922074380970889	45
30.6774095	31.8102055	0.0621217119077975	0.0621217119077975	45
31.8102055	32.667198	-0.0335695326937018	-0.0335695326937018	45
32.667198	33.1385855	0.379620962055708	0.379620962055708	45
33.1385855	33.640477	-0.0862010350493039	-0.0862010350493039	45
33.640477	34.10493	-0.0350469470992008	-0.0350469470992008	45
34.10493	34.477068	-0.166502663140165	-0.166502663140165	45
34.477068	34.695965	0.0143552929770701	0.0143552929770701	45
34.695965	34.715689	-0.0424567992428948	-0.0424567992428948	45
34.715689	34.7564995	0.141432790929296	0.141432790929296	45
34.7564995	34.802363	0.599317793698226	0.599317793698226	45
34.802363	35.4335795	0.0510240030244669	0.0510240030244669	45
35.4335795	36.1838665	-0.117161344232749	-0.117161344232749	45
36.1838665	36.860689	-0.0484122051852459	-0.0484122051852459	45
36.860689	37.5847545	0.0214797274104514	0.0214797274104514	45
37.5847545	38.0979235	-0.160040412510468	-0.160040412510468	45
38.0979235	39.0632695	-0.56277226108709	-0.56277226108709	45
39.0632695	39.8646845	-0.846843211938579	-0.846843211938579	45
39.8646845	40.2407845	-0.83908212027501	-0.83908212027501	45
40.2407845	41.297471	-0.703689439291908	-0.703689439291908	45
41.297471	42.469559	-0.780908941753803	-0.780908941753803	45
42.469559	43.556995	-0.375197234747053	-0.375197234747053	45
43.556995	45.249441	-0.459972730742493	-0.459972730742493	45
45.249441	46.460017	-1.03209362970985	-1.03209362970985	45
46.460017	47.349593	-0.475936324222789	-0.475936324222789	45
47.349593	47.91366	-0.573466861883327	-0.573466861883327	45
10.933092	13.3684385	0.0328061450832415	0.0328061450832415	46
13.3684385	15.8234365	0.100304905795685	0.100304905795685	46
15.8234365	16.1109935	-0.0499049058263139	-0.0499049058263139	46
16.1109935	16.7285465	0.0772429989324604	0.0772429989324604	46
16.7285465	17.6130305	0.155749232677945	0.155749232677945	46
17.6130305	18.7252405	0.0745054363636298	0.0745054363636298	46
18.7252405	19.310757	0.0412429822318813	0.0412429822318813	46
19.310757	20.310839	0.0328061450832415	0.0328061450832415	46
20.310839	21.7381765	-0.00868224309980088	-0.00868224309980088	46
21.7381765	22.496679	0.0662614422687213	0.0662614422687213	46
22.496679	23.340797	1.11036324336042	1.11036324336042	46
23.340797	24.260864	-0.00288827932482651	-0.00288827932482651	46
24.260864	25.569288	0.0384361816561079	0.0384361816561079	46
25.569288	26.758508	0.155749232677945	0.155749232677945	46
26.758508	27.3939	0.0772429989324604	0.0772429989324604	46
27.3939	27.870547	0.134878054343112	0.134878054343112	46
27.870547	28.392149	-0.077041035763828	-0.077041035763828	46
28.392149	29.0670225	0.138814468902282	0.138814468902282	46
29.0670225	29.691861	0.10701824988212	0.10701824988212	46
29.691861	30.0914705	-0.00144341686966872	-0.00144341686966872	46
30.0914705	30.6774095	0.0922074380970889	0.0922074380970889	46
30.6774095	31.8102055	0.0621217119077975	0.0621217119077975	46
31.8102055	32.667198	-0.0335695326937018	-0.0335695326937018	46
32.667198	33.1385855	0.379620962055708	0.379620962055708	46
33.1385855	33.640477	-0.0862010350493039	-0.0862010350493039	46
33.640477	34.10493	-0.0350469470992008	-0.0350469470992008	46
34.10493	34.477068	-0.166502663140165	-0.166502663140165	46
34.477068	34.695965	0.0143552929770701	0.0143552929770701	46
34.695965	34.715689	-0.0424567992428948	-0.0424567992428948	46
34.715689	34.7564995	0.141432790929296	0.141432790929296	46
34.7564995	34.802363	0.599317793698226	0.599317793698226	46
34.802363	35.4335795	0.0510240030244669	0.0510240030244669	46
35.4335795	36.1838665	-0.117161344232749	-0.117161344232749	46
36.1838665	36.860689	-0.0484122051852459	-0.0484122051852459	46
36.860689	37.5847545	0.0214797274104514	0.0214797274104514	46
37.5847545	38.0979235	-0.160040412510468	-0.160040412510468	46
38.0979235	39.0632695	-0.56277226108709	-0.56277226108709	46
39.0632695	39.8646845	-0.846843211938579	-0.846843211938579	46
39.8646845	40.059341	-0.83650126771712	-0.83650126771712	46
40.059341	40.2407845	-0.841662972832899	-0.841662972832899	46
40.2407845	41.297471	-0.703689439291908	-0.703689439291908	46
41.297471	42.469559	-0.780908941753803	-0.780908941753803	46
42.469559	43.556995	-0.375197234747053	-0.375197234747053	46
43.556995	45.249441	-0.459972730742493	-0.459972730742493	46
45.249441	46.460017	-1.03209362970985	-1.03209362970985	46
46.460017	47.349593	-0.475936324222789	-0.475936324222789	46
47.349593	47.91366	-0.573466861883327	-0.573466861883327	46
