size	colour	x	y	showSelectedlegendsizecolour	showSelected1
3	#00BFC4	0	1.20586126813229	yes	322.15
4	#F8766D	1	1.06711457187166	no	322.15
3	#00BFC4	2	0.54409125655034	yes	322.15
3	#00BFC4	3	0.413544522421471	yes	322.15
3	#00BFC4	4	0.311971246661828	yes	322.15
3	#00BFC4	5	0.220081357339127	yes	322.15
3	#00BFC4	6	0.193130222769796	yes	322.15
4	#F8766D	7	0.181723651610861	no	322.15
3	#00BFC4	8	0.157108530777305	yes	322.15
4	#F8766D	9	0.149915673232981	no	322.15
4	#F8766D	10	0.13450452713651	no	322.15
4	#F8766D	11	0.12620220430399	no	322.15
3	#00BFC4	12	0.108574387698112	yes	322.15
4	#F8766D	13	0.0999406680258885	no	322.15
3	#00BFC4	14	0.0859703840573173	yes	322.15
3	#00BFC4	15	0.0773366643850938	yes	322.15
3	#00BFC4	16	0.0700281541740212	yes	322.15
3	#00BFC4	17	0.0628352966296975	yes	322.15
3	#00BFC4	18	0.0559543344162294	yes	322.15
3	#00BFC4	19	0.0505371892745541	yes	322.15
4	#F8766D	20	0.0465014330302339	no	322.15
3	#00BFC4	21	0.042249147285935	yes	322.15
3	#00BFC4	22	0.0383589009199394	yes	322.15
4	#F8766D	23	0.0360599930399922	no	322.15
3	#00BFC4	24	0.0326741261499685	yes	322.15
3	#00BFC4	25	0.0299506137945793	yes	322.15
4	#F8766D	26	0.0276517059146321	no	322.15
3	#00BFC4	27	0.0253015516797808	yes	322.15
3	#00BFC4	28	0.0230026437998335	yes	322.15
4	#F8766D	29	0.0214021687898911	no	322.15
3	#00BFC4	30	0.0192247890040449	yes	322.15
3	#00BFC4	31	0.0176243139941025	yes	322.15
3	#00BFC4	32	0.0163157026454035	yes	322.15
3	#00BFC4	33	0.0150691396869533	yes	322.15
4	#F8766D	34	0.0139870878711802	no	322.15
4	#F8766D	35	0.0126784765224813	no	322.15
3	#00BFC4	36	0.011431913564031	yes	322.15
4	#F8766D	37	0.0105814217723414	no	322.15
3	#00BFC4	38	0.00946047041236046	yes	322.15
4	#F8766D	39	0.00860997862067084	no	322.15
3	#00BFC4	40	0.00770277630727394	yes	322.15
3	#00BFC4	41	0.00685228451558433	yes	322.15
3	#00BFC4	42	0.0061839136019206	yes	322.15
3	#00BFC4	43	0.00552654326313938	yes	322.15
3	#00BFC4	44	0.00488915375912805	yes	322.15
3	#00BFC4	45	0.0043992366481407	yes	322.15
4	#F8766D	46	0.00392848061187358	no	322.15
3	#00BFC4	47	0.00343856350088623	yes	322.15
3	#00BFC4	48	0.00301736722675288	yes	322.15
4	#F8766D	49	0.00260287161651078	no	322.15
3	#00BFC4	50	0.00218167534237743	yes	322.15
3	#00BFC4	51	0.0018041189580069	yes	322.15
3	#00BFC4	52	0.00151474290325487	yes	322.15
3	#00BFC4	53	0.00125714930968797	yes	322.15
3	#00BFC4	54	0.00100789990011704	yes	322.15
3	#00BFC4	55	0.000811987928345021	yes	322.15
3	#00BFC4	56	0.000656980297602411	yes	322.15
3	#00BFC4	57	0.000525996262023832	yes	322.15
3	#00BFC4	58	0.000399184754185896	yes	322.15
3	#00BFC4	59	0.000312915358850746	yes	322.15
4	#F8766D	60	0.000259300252233507	no	322.15
3	#00BFC4	61	0.00019639899264944	yes	322.15
3	#00BFC4	62	0.000142783886032201	yes	322.15
3	#00BFC4	63	9.88575722331644e-05	yes	322.15
3	#00BFC4	64	5.84584602798775e-05	yes	322.15
3	#00BFC4	65	3.18323580253098e-05	yes	322.15
3	#00BFC4	66	1.64079309137831e-05	yes	322.15
3	#00BFC4	67	6.42258679975361e-06	yes	322.15
3	#00BFC4	68	2.15811270064953e-06	yes	322.15
3	#00BFC4	69	1.04172612982317e-06	yes	322.15
3	#00BFC4	70	0	yes	322.15
4	#F8766D	71	0	no	322.15
3	#00BFC4	0	2.52556998936456	yes	357.X
4	#F8766D	1	2.41185864306534	no	357.X
3	#00BFC4	2	1.9287448229809	yes	357.X
4	#F8766D	3	1.73767852810654	no	357.X
4	#F8766D	4	1.4515631036072	no	357.X
3	#00BFC4	5	1.19621891495323	yes	357.X
4	#F8766D	6	1.07525918076868	no	357.X
3	#00BFC4	7	0.880172150112397	yes	357.X
3	#00BFC4	8	0.73267416928215	yes	357.X
3	#00BFC4	9	0.611714435097606	yes	357.X
3	#00BFC4	10	0.500091966676276	yes	357.X
3	#00BFC4	11	0.432827013836483	yes	357.X
3	#00BFC4	12	0.373923977815253	yes	357.X
3	#00BFC4	13	0.321371208537411	yes	357.X
4	#F8766D	14	0.292978796512625	no	357.X
3	#00BFC4	15	0.248206216732789	yes	357.X
3	#00BFC4	16	0.213897229907845	yes	357.X
3	#00BFC4	17	0.187425716311236	yes	357.X
3	#00BFC4	18	0.161266106779306	yes	357.X
3	#00BFC4	19	0.141512148879077	yes	357.X
4	#F8766D	20	0.121937724372257	no	357.X
3	#00BFC4	21	0.102183766472028	yes	357.X
3	#00BFC4	22	0.0871307483564872	yes	357.X
3	#00BFC4	23	0.0735304851635086	yes	357.X
3	#00BFC4	24	0.0601114824035031	yes	357.X
3	#00BFC4	25	0.0487241106514735	yes	357.X
3	#00BFC4	26	0.0375461395548331	yes	357.X
4	#F8766D	27	0.0320200876398487	no	357.X
3	#00BFC4	28	0.024016666672414	yes	357.X
3	#00BFC4	29	0.0184906147574296	yes	357.X
4	#F8766D	30	0.0143414840444645	no	357.X
3	#00BFC4	31	0.00891220665537007	yes	357.X
3	#00BFC4	32	0.00584315474533381	yes	357.X
3	#00BFC4	33	0.00350009054581768	yes	357.X
3	#00BFC4	34	0.00116802370085733	yes	357.X
3	#00BFC4	35	0.000313938090478416	yes	357.X
3	#00BFC4	36	0	yes	357.X
3	#00BFC4	0	0.347242650169887	yes	14.19
3	#00BFC4	1	0.294711510994555	yes	14.19
4	#F8766D	2	0.281224075793873	no	14.19
3	#00BFC4	3	0.239471219208475	yes	14.19
4	#F8766D	4	0.225663463193395	no	14.19
3	#00BFC4	5	0.201514861313055	yes	14.19
4	#F8766D	6	0.187707105297975	no	14.19
3	#00BFC4	7	0.17120853884424	yes	14.19
3	#00BFC4	8	0.158707410544824	yes	14.19
3	#00BFC4	9	0.146599551427309	yes	14.19
3	#00BFC4	10	0.136216332405173	yes	14.19
3	#00BFC4	11	0.128640735150605	yes	14.19
4	#F8766D	12	0.121121868240743	no	14.19
3	#00BFC4	13	0.113546270986175	yes	14.19
4	#F8766D	14	0.107216282099433	no	14.19
3	#00BFC4	15	0.100207966373248	yes	14.19
4	#F8766D	16	0.0938779774865066	no	14.19
3	#00BFC4	17	0.0873904206817479	yes	14.19
3	#00BFC4	18	0.0810604317950063	yes	14.19
3	#00BFC4	19	0.0754030046589075	yes	14.19
4	#F8766D	20	0.0698157413127332	no	14.19
3	#00BFC4	21	0.0641583141766344	yes	14.19
3	#00BFC4	22	0.0592919105485021	yes	14.19
3	#00BFC4	23	0.0548855955118258	yes	14.19
4	#F8766D	24	0.0507200544934849	no	14.19
3	#00BFC4	25	0.0463510789638132	yes	14.19
3	#00BFC4	26	0.0421855379454724	yes	14.19
3	#00BFC4	27	0.0381492043525239	yes	14.19
3	#00BFC4	28	0.034444344113234	yes	14.19
4	#F8766D	29	0.0310192812831507	no	14.19
3	#00BFC4	30	0.0273144210438608	yes	14.19
3	#00BFC4	31	0.0245257398552263	yes	14.19
3	#00BFC4	32	0.0219937938366616	yes	14.19
3	#00BFC4	33	0.0198868038356678	yes	14.19
4	#F8766D	34	0.0178305837731814	no	14.19
3	#00BFC4	35	0.0157235937721877	yes	14.19
3	#00BFC4	36	0.013779625964813	yes	14.19
3	#00BFC4	37	0.0121866780465982	yes	14.19
3	#00BFC4	38	0.0106201539569405	yes	14.19
4	#F8766D	39	0.00943382661465925	no	14.19
3	#00BFC4	40	0.0081234004912738	yes	14.19
4	#F8766D	41	0.00707932849119658	no	14.19
3	#00BFC4	42	0.00582763826927871	yes	14.19
3	#00BFC4	43	0.00478356626920148	yes	14.19
3	#00BFC4	44	0.0038092836775018	yes	14.19
3	#00BFC4	45	0.00302981872875352	yes	14.19
3	#00BFC4	46	0.0022544338701852	yes	14.19
4	#F8766D	47	0.00177530579047247	no	14.19
3	#00BFC4	48	0.00129288011996404	yes	14.19
3	#00BFC4	49	0.000859412091673118	yes	14.19
3	#00BFC4	50	0.00065002234488587	yes	14.19
3	#00BFC4	51	0.000446922602447691	yes	14.19
4	#F8766D	52	0.000326127018794198	no	14.19
3	#00BFC4	53	0.000183764142322129	yes	14.19
3	#00BFC4	54	9.49525924213435e-05	yes	14.19
3	#00BFC4	55	4.74410689964289e-05	yes	14.19
3	#00BFC4	56	2.58411791974611e-05	yes	14.19
3	#00BFC4	57	5.37544104550758e-06	yes	14.19
3	#00BFC4	58	0	yes	14.19
3	#00BFC4	0	7.06312606162748	yes	261.21
3	#00BFC4	1	2.18755852797865	yes	261.21
4	#F8766D	2	2.07816978285083	no	261.21
3	#00BFC4	3	1.09527481864189	yes	261.21
4	#F8766D	4	1.00815402449211	no	261.21
3	#00BFC4	5	0.742753430292138	yes	261.21
4	#F8766D	6	0.655632636142364	no	261.21
4	#F8766D	7	0.564057558398002	no	261.21
3	#00BFC4	8	0.392426439156183	yes	261.21
4	#F8766D	9	0.341420068166168	no	261.21
3	#00BFC4	10	0.245715452395063	yes	261.21
3	#00BFC4	11	0.19805528651245	yes	261.21
3	#00BFC4	12	0.163169888060896	yes	261.21
3	#00BFC4	13	0.148204414480333	yes	261.21
3	#00BFC4	14	0.136355147666711	yes	261.21
4	#F8766D	15	0.12728223232336	no	261.21
4	#F8766D	16	0.114156154303016	no	261.21
4	#F8766D	17	0.102306887489395	no	261.21
3	#00BFC4	18	0.0907532246236214	yes	261.21
3	#00BFC4	19	0.0827107490033897	yes	261.21
3	#00BFC4	20	0.0752372202044286	yes	261.21
3	#00BFC4	21	0.0678782592742598	yes	261.21
3	#00BFC4	22	0.0606305902981098	yes	261.21
4	#F8766D	23	0.0552714165626887	no	261.21
4	#F8766D	24	0.0479617940925247	no	261.21
3	#00BFC4	25	0.0407141251163746	yes	261.21
3	#00BFC4	26	0.0353549513809536	yes	261.21
3	#00BFC4	27	0.0305988484927768	yes	261.21
3	#00BFC4	28	0.0264793709019994	yes	261.21
3	#00BFC4	29	0.022885928541363	yes	261.21
3	#00BFC4	30	0.0199045027611318	yes	261.21
3	#00BFC4	31	0.0170317487798721	yes	261.21
3	#00BFC4	32	0.0146685267199858	yes	261.21
3	#00BFC4	33	0.0123904853711281	yes	261.21
4	#F8766D	34	0.0107445070324981	no	261.21
3	#00BFC4	35	0.00906659813490629	yes	261.21
4	#F8766D	36	0.00742061979627584	no	261.21
3	#00BFC4	37	0.00575971999018154	yes	261.21
3	#00BFC4	38	0.00414591307897672	yes	261.21
3	#00BFC4	39	0.00283754272197312	yes	261.21
3	#00BFC4	40	0.00190099884276762	yes	261.21
3	#00BFC4	41	0.00104714330508537	yes	261.21
3	#00BFC4	42	0.00054164353309627	yes	261.21
3	#00BFC4	43	8.90680729277449e-05	yes	261.21
3	#00BFC4	44	4.89117103874559e-05	yes	261.21
3	#00BFC4	45	1.33215998510128e-05	yes	261.21
3	#00BFC4	46	0	yes	261.21
3	#00BFC4	0	1.21511405949614	yes	328.7
4	#F8766D	1	1.16794382957214	no	328.7
3	#00BFC4	2	1.06743809166991	yes	328.7
4	#F8766D	3	1.0341073091736	no	328.7
3	#00BFC4	4	0.93625877810794	yes	328.7
4	#F8766D	5	0.899528898482859	no	328.7
3	#00BFC4	6	0.850081816032045	yes	328.7
4	#F8766D	7	0.815495131500548	no	328.7
3	#00BFC4	8	0.770246259691987	yes	328.7
4	#F8766D	9	0.736978726057955	no	328.7
3	#00BFC4	10	0.691729854249395	yes	328.7
4	#F8766D	11	0.660510947184494	no	328.7
3	#00BFC4	12	0.6220519002679	yes	328.7
3	#00BFC4	13	0.591126742303998	yes	328.7
3	#00BFC4	14	0.568019090040033	yes	328.7
4	#F8766D	15	0.546092826120948	no	328.7
3	#00BFC4	16	0.522985173856983	yes	328.7
4	#F8766D	17	0.501550843650314	no	328.7
3	#00BFC4	18	0.479456967441956	yes	328.7
3	#00BFC4	19	0.458022637235286	yes	328.7
4	#F8766D	20	0.443542727490732	no	328.7
3	#00BFC4	21	0.423206257245124	yes	328.7
4	#F8766D	22	0.40872634750057	no	328.7
3	#00BFC4	23	0.390476397104503	yes	328.7
3	#00BFC4	24	0.375996487359949	yes	328.7
4	#F8766D	25	0.363980852954266	no	328.7
4	#F8766D	26	0.350019721331882	no	328.7
3	#00BFC4	27	0.335539811587327	yes	328.7
4	#F8766D	28	0.323524177181645	no	328.7
3	#00BFC4	29	0.310972010651427	yes	328.7
3	#00BFC4	30	0.298956376245744	yes	328.7
3	#00BFC4	31	0.287881455251213	yes	328.7
3	#00BFC4	32	0.276838865168153	yes	328.7
3	#00BFC4	33	0.267239276127748	yes	328.7
3	#00BFC4	34	0.258166212954496	yes	328.7
3	#00BFC4	35	0.249398266142145	yes	328.7
4	#F8766D	36	0.241350729935601	no	328.7
3	#00BFC4	37	0.232582783123249	yes	328.7
4	#F8766D	38	0.224933811963205	no	328.7
3	#00BFC4	39	0.216165865150853	yes	328.7
3	#00BFC4	40	0.208877835661926	yes	328.7
4	#F8766D	41	0.201880907937994	no	328.7
4	#F8766D	42	0.194592878449066	no	328.7
3	#00BFC4	43	0.187351318029291	yes	328.7
3	#00BFC4	44	0.180789496766412	yes	328.7
4	#F8766D	45	0.174698836997851	no	328.7
4	#F8766D	46	0.168494153564823	no	328.7
3	#00BFC4	47	0.161932332301943	yes	328.7
3	#00BFC4	48	0.155841672533383	yes	328.7
3	#00BFC4	49	0.149802338403604	yes	328.7
3	#00BFC4	50	0.143924431677701	yes	328.7
3	#00BFC4	51	0.138105926619935	yes	328.7
4	#F8766D	52	0.133226020057057	no	328.7
3	#00BFC4	53	0.127459817434894	yes	328.7
4	#F8766D	54	0.122579910872016	no	328.7
3	#00BFC4	55	0.116928285182705	yes	328.7
4	#F8766D	56	0.112048378619828	no	328.7
4	#F8766D	57	0.107427888034883	no	328.7
3	#00BFC4	58	0.102180611167441	yes	328.7
3	#00BFC4	59	0.0973007046045635	yes	328.7
3	#00BFC4	60	0.0926487439048219	yes	328.7
3	#00BFC4	61	0.088535571618072	yes	328.7
3	#00BFC4	62	0.0846166642197716	yes	328.7
3	#00BFC4	63	0.0812174295212689	yes	328.7
3	#00BFC4	64	0.0779605490431871	yes	328.7
3	#00BFC4	65	0.0750579312741692	yes	328.7
3	#00BFC4	66	0.0721670051228762	yes	328.7
4	#F8766D	67	0.0693170412928904	no	328.7
3	#00BFC4	68	0.0664261151415975	yes	328.7
3	#00BFC4	69	0.0636543224995194	yes	328.7
4	#F8766D	70	0.0610319278484393	no	328.7
3	#00BFC4	71	0.058260135206361	yes	328.7
4	#F8766D	72	0.0556499513541698	no	328.7
3	#00BFC4	73	0.0528781587120919	yes	328.7
4	#F8766D	74	0.0503682743316067	no	328.7
3	#00BFC4	75	0.0476524814342109	yes	328.7
3	#00BFC4	76	0.0451425970537257	yes	328.7
3	#00BFC4	77	0.0427584357634607	yes	328.7
3	#00BFC4	78	0.0406441435378579	yes	328.7
3	#00BFC4	79	0.0385877934490748	yes	328.7
4	#F8766D	80	0.0366060494161621	no	328.7
3	#00BFC4	81	0.0345496993273789	yes	328.7
3	#00BFC4	82	0.032740894243831	yes	328.7
3	#00BFC4	83	0.0310066609386618	yes	328.7
4	#F8766D	84	0.0293122466783278	no	328.7
3	#00BFC4	85	0.0275780133731586	yes	328.7
3	#00BFC4	86	0.0259098140216147	yes	328.7
3	#00BFC4	87	0.0242550335787839	yes	328.7
3	#00BFC4	88	0.0226804619627873	yes	328.7
3	#00BFC4	89	0.0213416395896189	yes	328.7
3	#00BFC4	90	0.0200925760962072	yes	328.7
3	#00BFC4	91	0.0188441526350942	yes	328.7
3	#00BFC4	92	0.0178117719237744	yes	328.7
3	#00BFC4	93	0.0168225513710023	yes	328.7
3	#00BFC4	94	0.0158347184684314	yes	328.7
4	#F8766D	95	0.0148992155603346	no	328.7
3	#00BFC4	96	0.013917779491329	yes	328.7
3	#00BFC4	97	0.012982276583232	yes	328.7
4	#F8766D	98	0.0121429331617691	no	328.7
3	#00BFC4	99	0.0112585399407639	yes	328.7
3	#00BFC4	100	0.010419196519301	yes	328.7
3	#00BFC4	101	0.00958308113239803	yes	328.7
3	#00BFC4	102	0.00875287657341639	yes	328.7
3	#00BFC4	103	0.00803022909227447	yes	328.7
3	#00BFC4	104	0.00730772261788837	yes	328.7
3	#00BFC4	105	0.0066256363036723	yes	328.7
3	#00BFC4	106	0.0060110362257817	yes	328.7
3	#00BFC4	107	0.00542303634263008	yes	328.7
3	#00BFC4	108	0.00486795882258029	yes	328.7
3	#00BFC4	109	0.0043556261316694	yes	328.7
3	#00BFC4	110	0.00390154538278575	yes	328.7
3	#00BFC4	111	0.00346511327200727	yes	328.7
3	#00BFC4	112	0.00307309016982427	yes	328.7
3	#00BFC4	113	0.00268906998505863	yes	328.7
4	#F8766D	114	0.00248682983357967	no	328.7
3	#00BFC4	115	0.00218050054714131	yes	328.7
4	#F8766D	116	0.00197826039566235	no	328.7
3	#00BFC4	117	0.00175551020029116	yes	328.7
3	#00BFC4	118	0.0015532700488122	yes	328.7
3	#00BFC4	119	0.00139267265568108	yes	328.7
4	#F8766D	120	0.00124993959177019	no	328.7
3	#00BFC4	121	0.0010967871197741	yes	328.7
3	#00BFC4	122	0.000959516596305637	yes	328.7
3	#00BFC4	123	0.000827332324508406	yes	328.7
3	#00BFC4	124	0.000705766783053896	yes	328.7
3	#00BFC4	125	0.000586330980392874	yes	328.7
3	#00BFC4	126	0.000472886843219639	yes	328.7
3	#00BFC4	127	0.000377917557131763	yes	328.7
3	#00BFC4	128	0.000304550573833801	yes	328.7
3	#00BFC4	129	0.000236648581752125	yes	328.7
3	#00BFC4	130	0.000186979584526653	yes	328.7
3	#00BFC4	131	0.000139145400654156	yes	328.7
3	#00BFC4	132	9.41015988098759e-05	yes	328.7
3	#00BFC4	133	6.8127686214392e-05	yes	328.7
3	#00BFC4	134	4.30388269007098e-05	yes	328.7
3	#00BFC4	135	2.486547864608e-05	yes	328.7
3	#00BFC4	136	1.23620731223295e-05	yes	328.7
3	#00BFC4	137	1.51538366099935e-06	yes	328.7
3	#00BFC4	138	7.50580544162105e-07	yes	328.7
3	#00BFC4	139	0	yes	328.7
3	#00BFC4	0	1.86426144301044	yes	85.11
4	#F8766D	1	1.72640686351114	no	85.11
3	#00BFC4	2	1.12896614374726	yes	85.11
3	#00BFC4	3	0.975600449388153	yes	85.11
3	#00BFC4	4	0.84328608782235	yes	85.11
4	#F8766D	5	0.8039762916733	no	85.11
3	#00BFC4	6	0.762105201401632	yes	85.11
4	#F8766D	7	0.731479637694158	no	85.11
3	#00BFC4	8	0.692707733609792	yes	85.11
4	#F8766D	9	0.665667551182912	no	85.11
3	#00BFC4	10	0.634143521009797	yes	85.11
3	#00BFC4	11	0.610749234615328	yes	85.11
4	#F8766D	12	0.593625552921127	no	85.11
3	#00BFC4	13	0.571388342528431	yes	85.11
4	#F8766D	14	0.55426466083423	no	85.11
3	#00BFC4	15	0.532632159785635	yes	85.11
4	#F8766D	16	0.516617375077814	no	85.11
3	#00BFC4	17	0.499129217432973	yes	85.11
3	#00BFC4	18	0.483114432725152	yes	85.11
4	#F8766D	19	0.472128499998551	no	85.11
3	#00BFC4	20	0.458768566030673	yes	85.11
4	#F8766D	21	0.44875581264053	no	85.11
4	#F8766D	22	0.436923399789174	no	85.11
4	#F8766D	23	0.425058174180361	no	85.11
3	#00BFC4	24	0.413701160752635	yes	85.11
4	#F8766D	25	0.403213007938863	no	85.11
3	#00BFC4	26	0.391855994511136	yes	85.11
3	#00BFC4	27	0.382160677747153	yes	85.11
4	#F8766D	28	0.3729614143419	no	85.11
3	#00BFC4	29	0.363317269084768	yes	85.11
3	#00BFC4	30	0.354118005679516	yes	85.11
4	#F8766D	31	0.345625647034637	no	85.11
3	#00BFC4	32	0.336426383629385	yes	85.11
4	#F8766D	33	0.328683625661843	no	85.11
4	#F8766D	34	0.321191393203391	no	85.11
3	#00BFC4	35	0.311992129798138	yes	85.11
3	#00BFC4	36	0.304249371830596	yes	85.11
4	#F8766D	37	0.29703952315833	no	85.11
4	#F8766D	38	0.29003037990323	no	85.11
3	#00BFC4	39	0.282605133633201	yes	85.11
3	#00BFC4	40	0.275395284960935	yes	85.11
3	#00BFC4	41	0.268386141705835	yes	85.11
3	#00BFC4	42	0.261486267837593	yes	85.11
3	#00BFC4	43	0.25479000598379	yes	85.11
4	#F8766D	44	0.249615882013153	no	85.11
3	#00BFC4	45	0.243255905926259	yes	85.11
3	#00BFC4	46	0.238081781955622	yes	85.11
4	#F8766D	47	0.233141355241635	no	85.11
3	#00BFC4	48	0.227967231270998	yes	85.11
3	#00BFC4	49	0.223141740755669	yes	85.11
3	#00BFC4	50	0.218360146266179	yes	85.11
4	#F8766D	51	0.213740905149475	no	85.11
3	#00BFC4	52	0.208959310659985	yes	85.11
3	#00BFC4	53	0.204396265757022	yes	85.11
4	#F8766D	54	0.200167623958671	no	85.11
3	#00BFC4	55	0.195714628409317	yes	85.11
3	#00BFC4	56	0.191485986610965	yes	85.11
3	#00BFC4	57	0.18742736303205	yes	85.11
3	#00BFC4	58	0.183656184764961	yes	85.11
3	#00BFC4	59	0.179916355934732	yes	85.11
3	#00BFC4	60	0.17618265456084	yes	85.11
3	#00BFC4	61	0.172462966656951	yes	85.11
3	#00BFC4	62	0.168836570206959	yes	85.11
3	#00BFC4	63	0.165271014713398	yes	85.11
3	#00BFC4	64	0.16176864278512	yes	85.11
4	#F8766D	65	0.158563090873928	no	85.11
4	#F8766D	66	0.155264236932231	no	85.11
3	#00BFC4	67	0.151761865003953	yes	85.11
3	#00BFC4	68	0.148556313092761	yes	85.11
3	#00BFC4	69	0.145352425835494	yes	85.11
3	#00BFC4	70	0.142200915311617	yes	85.11
3	#00BFC4	71	0.139212703566652	yes	85.11
4	#F8766D	72	0.1364533092242	no	85.11
3	#00BFC4	73	0.133612946073771	yes	85.11
4	#F8766D	74	0.130853551731319	no	85.11
3	#00BFC4	75	0.128070702671501	yes	85.11
3	#00BFC4	76	0.125311308329049	yes	85.11
4	#F8766D	77	0.122672278462311	no	85.11
3	#00BFC4	78	0.119912884119859	yes	85.11
3	#00BFC4	79	0.117247742856348	yes	85.11
4	#F8766D	80	0.114663885263287	no	85.11
3	#00BFC4	81	0.11203067963997	yes	85.11
3	#00BFC4	82	0.109446822046909	yes	85.11
4	#F8766D	83	0.106887182747717	no	85.11
3	#00BFC4	84	0.104303325154656	yes	85.11
4	#F8766D	85	0.102009830889455	no	85.11
3	#00BFC4	86	0.0994932485294237	yes	85.11
4	#F8766D	87	0.0971997542642221	no	85.11
3	#00BFC4	88	0.0948136926181333	yes	85.11
3	#00BFC4	89	0.0925201983529318	yes	85.11
4	#F8766D	90	0.0903019011205167	no	85.11
4	#F8766D	91	0.0880084068553152	no	85.11
3	#00BFC4	92	0.0857310905115507	yes	85.11
4	#F8766D	93	0.0835153617129523	no	85.11
3	#00BFC4	94	0.0812675967700082	yes	85.11
3	#00BFC4	95	0.0790518679714097	yes	85.11
4	#F8766D	96	0.0768982003635036	no	85.11
3	#00BFC4	97	0.0746824715649051	yes	85.11
4	#F8766D	98	0.0726350119008926	no	85.11
3	#00BFC4	99	0.0704766110362161	yes	85.11
3	#00BFC4	100	0.0684291513722036	yes	85.11
3	#00BFC4	101	0.0664096250194234	yes	85.11
4	#F8766D	102	0.0644705527658722	no	85.11
3	#00BFC4	103	0.06249077729881	yes	85.11
3	#00BFC4	104	0.0605517050452588	yes	85.11
3	#00BFC4	105	0.0586754289365172	yes	85.11
4	#F8766D	106	0.0570578075456573	no	85.11
3	#00BFC4	107	0.0551815314369156	yes	85.11
4	#F8766D	108	0.0536708370352523	no	85.11
3	#00BFC4	109	0.051860419533499	yes	85.11
3	#00BFC4	110	0.0503497251318356	yes	85.11
3	#00BFC4	111	0.0489029939049304	yes	85.11
3	#00BFC4	112	0.0474781987697491	yes	85.11
3	#00BFC4	113	0.0461544054197687	yes	85.11
3	#00BFC4	114	0.0448509635082107	yes	85.11
3	#00BFC4	115	0.0435852866866601	yes	85.11
3	#00BFC4	116	0.0424056909408637	yes	85.11
3	#00BFC4	117	0.0412658165560094	yes	85.11
3	#00BFC4	118	0.0401403533295291	yes	85.11
3	#00BFC4	119	0.0390164915089394	yes	85.11
3	#00BFC4	120	0.0379000183332272	yes	85.11
3	#00BFC4	121	0.0368169121803742	yes	85.11
3	#00BFC4	122	0.0357403812240896	yes	85.11
4	#F8766D	123	0.0348110112539563	no	85.11
3	#00BFC4	124	0.0337410673330653	yes	85.11
3	#00BFC4	125	0.032811697362932	yes	85.11
4	#F8766D	126	0.0319833299322312	no	85.11
3	#00BFC4	127	0.031053959962098	yes	85.11
4	#F8766D	128	0.030235916137766	no	85.11
3	#00BFC4	129	0.0294038353481821	yes	85.11
3	#00BFC4	130	0.0285857915238502	yes	85.11
3	#00BFC4	131	0.0277732811591033	yes	85.11
4	#F8766D	132	0.0269972021879066	no	85.11
3	#00BFC4	133	0.0261922506530184	yes	85.11
4	#F8766D	134	0.0254161716818217	no	85.11
3	#00BFC4	135	0.0246251378957192	yes	85.11
3	#00BFC4	136	0.0238490589245225	yes	85.11
3	#00BFC4	137	0.0230875144807709	yes	85.11
3	#00BFC4	138	0.0223310149881533	yes	85.11
3	#00BFC4	139	0.0216143424587962	yes	85.11
3	#00BFC4	140	0.0209014032838725	yes	85.11
3	#00BFC4	141	0.0201887907614298	yes	85.11
3	#00BFC4	142	0.0194789516707729	yes	85.11
3	#00BFC4	143	0.0187834821656805	yes	85.11
3	#00BFC4	144	0.0181055331045416	yes	85.11
3	#00BFC4	145	0.01746848713763	yes	85.11
3	#00BFC4	146	0.0168474371546388	yes	85.11
3	#00BFC4	147	0.0162289674181827	yes	85.11
3	#00BFC4	148	0.015622234042613	yes	85.11
3	#00BFC4	149	0.0150697970555207	yes	85.11
3	#00BFC4	150	0.0145200689709635	yes	85.11
3	#00BFC4	151	0.0139898051172359	yes	85.11
3	#00BFC4	152	0.0134642290093572	yes	85.11
3	#00BFC4	153	0.0129799234617196	yes	85.11
4	#F8766D	154	0.0125146095673651	no	85.11
3	#00BFC4	155	0.0120303040197275	yes	85.11
4	#F8766D	156	0.0115796546644006	no	85.11
4	#F8766D	157	0.0111477256916266	no	85.11
3	#00BFC4	158	0.010663420143989	yes	85.11
3	#00BFC4	159	0.0102127707886621	yes	85.11
3	#00BFC4	160	0.00978104774774595	yes	85.11
3	#00BFC4	161	0.00935301968608272	yes	85.11
3	#00BFC4	162	0.00893392866663627	yes	85.11
4	#F8766D	163	0.0085646551287248	no	85.11
3	#00BFC4	164	0.00816108631243752	yes	85.11
4	#F8766D	165	0.00779181277452605	no	85.11
3	#00BFC4	166	0.00740377544613537	yes	85.11
3	#00BFC4	167	0.0070345019082239	yes	85.11
3	#00BFC4	168	0.00667832711213497	yes	85.11
3	#00BFC4	169	0.00633829261826403	yes	85.11
3	#00BFC4	170	0.00600812768077376	yes	85.11
3	#00BFC4	171	0.00568516367491602	yes	85.11
3	#00BFC4	172	0.00537687382889406	yes	85.11
3	#00BFC4	173	0.00507134222373075	yes	85.11
3	#00BFC4	174	0.00479354806769471	yes	85.11
3	#00BFC4	175	0.00452211678803537	yes	85.11
3	#00BFC4	176	0.0042612400120212	yes	85.11
3	#00BFC4	177	0.00400182343146309	yes	85.11
3	#00BFC4	178	0.00375775607626332	yes	85.11
3	#00BFC4	179	0.00354790863172431	yes	85.11
3	#00BFC4	180	0.00334339845700526	yes	85.11
3	#00BFC4	181	0.0031494599735852	yes	85.11
3	#00BFC4	182	0.00295725105481406	yes	85.11
4	#F8766D	183	0.00277350895985792	no	85.11
3	#00BFC4	184	0.00258130004108675	yes	85.11
3	#00BFC4	185	0.00241348548472158	yes	85.11
3	#00BFC4	186	0.00224692312511781	yes	85.11
3	#00BFC4	187	0.00208279561828211	yes	85.11
3	#00BFC4	188	0.00194901561056387	yes	85.11
3	#00BFC4	189	0.00181909380485184	yes	85.11
3	#00BFC4	190	0.00169640403403692	yes	85.11
3	#00BFC4	191	0.00157740991276944	yes	85.11
3	#00BFC4	192	0.00146793427973967	yes	85.11
3	#00BFC4	193	0.00136187008889632	yes	85.11
3	#00BFC4	194	0.00126195001892009	yes	85.11
3	#00BFC4	195	0.00116231235245495	yes	85.11
3	#00BFC4	196	0.00107879014815409	yes	85.11
4	#F8766D	197	0.00100499004334003	no	85.11
3	#00BFC4	198	0.000924414561520197	yes	85.11
3	#00BFC4	199	0.000850614456706138	yes	85.11
3	#00BFC4	200	0.000777585113899519	yes	85.11
3	#00BFC4	201	0.000705163720081024	yes	85.11
3	#00BFC4	202	0.000635748014504091	yes	85.11
3	#00BFC4	203	0.00057012214154787	yes	85.11
3	#00BFC4	204	0.000504793053104906	yes	85.11
3	#00BFC4	205	0.000445387308091731	yes	85.11
3	#00BFC4	206	0.000399236935573533	yes	85.11
3	#00BFC4	207	0.000353409929176984	yes	85.11
4	#F8766D	208	0.000308267183644739	no	85.11
3	#00BFC4	209	0.000263124438112494	yes	85.11
3	#00BFC4	210	0.000231533100066975	yes	85.11
3	#00BFC4	211	0.000204080145671276	yes	85.11
3	#00BFC4	212	0.000182868561902305	yes	85.11
3	#00BFC4	213	0.000162332513364505	yes	85.11
4	#F8766D	214	0.000143567945625755	no	85.11
3	#00BFC4	215	0.000124304045700449	yes	85.11
3	#00BFC4	216	0.000105539477961714	yes	85.11
3	#00BFC4	217	8.76216136547065e-05	yes	85.11
3	#00BFC4	218	7.04596176090699e-05	yes	85.11
3	#00BFC4	219	5.78982252382038e-05	yes	85.11
3	#00BFC4	220	4.59532489647668e-05	yes	85.11
3	#00BFC4	221	3.4088800544757e-05	yes	85.11
3	#00BFC4	222	2.28648622879052e-05	yes	85.11
3	#00BFC4	223	1.25844521492863e-05	yes	85.11
3	#00BFC4	224	7.76111098980958e-06	yes	85.11
3	#00BFC4	225	6.38142729236096e-06	yes	85.11
3	#00BFC4	226	5.03603948286829e-06	yes	85.11
3	#00BFC4	227	3.71181475172094e-06	yes	85.11
3	#00BFC4	228	2.43412694583139e-06	yes	85.11
3	#00BFC4	229	1.18154593536229e-06	yes	85.11
3	#00BFC4	230	0	yes	85.11
4	#F8766D	231	0	no	85.11
4	#F8766D	232	0	no	85.11
4	#F8766D	233	0	no	85.11
3	#00BFC4	0	15.7900282484092	yes	132.1
3	#00BFC4	1	14.5896563648567	yes	132.1
3	#00BFC4	2	13.4320430541045	yes	132.1
4	#F8766D	3	13.0282211034657	no	132.1
3	#00BFC4	4	12.5772057127627	yes	132.1
4	#F8766D	5	12.3026887502375	no	132.1
4	#F8766D	6	11.9801330999183	no	132.1
4	#F8766D	7	11.6612991166039	no	132.1
3	#00BFC4	8	11.3301196636624	yes	132.1
3	#00BFC4	9	11.0211860642332	yes	132.1
4	#F8766D	10	10.8875026317331	no	132.1
3	#00BFC4	11	10.6156143449082	yes	132.1
4	#F8766D	12	10.482834840295	no	132.1
3	#00BFC4	13	10.2687875591815	yes	132.1
4	#F8766D	14	10.1422082566232	no	132.1
4	#F8766D	15	9.97587128181956	no	132.1
3	#00BFC4	16	9.80583098823105	yes	132.1
4	#F8766D	17	9.6792516856728	no	132.1
4	#F8766D	18	9.52217678895722	no	132.1
4	#F8766D	19	9.37983979025206	no	132.1
3	#00BFC4	20	9.22276489353648	yes	132.1
4	#F8766D	21	9.09768469423619	no	132.1
4	#F8766D	22	8.95552506107368	no	132.1
3	#00BFC4	23	8.7984501643581	yes	132.1
4	#F8766D	24	8.67336996505782	no	132.1
4	#F8766D	25	8.53387861611564	no	132.1
3	#00BFC4	26	8.38416487177401	yes	132.1
3	#00BFC4	27	8.25908467247373	yes	132.1
3	#00BFC4	28	8.14872287704213	yes	132.1
4	#F8766D	29	8.04289162219025	no	132.1
3	#00BFC4	30	7.93252982675865	yes	132.1
3	#00BFC4	31	7.82785622994388	yes	132.1
3	#00BFC4	32	7.72696255676321	yes	132.1
4	#F8766D	33	7.63010231514385	no	132.1
3	#00BFC4	34	7.52920864196318	yes	132.1
3	#00BFC4	35	7.43387291768667	yes	132.1
3	#00BFC4	36	7.34786447481564	yes	132.1
4	#F8766D	37	7.2660656696483	no	132.1
3	#00BFC4	38	7.18005722677726	yes	132.1
3	#00BFC4	39	7.10190288844724	yes	132.1
4	#F8766D	40	7.02522801222859	no	132.1
3	#00BFC4	41	6.94707367389856	yes	132.1
4	#F8766D	42	6.87159685807525	no	132.1
3	#00BFC4	43	6.79344251974523	yes	132.1
4	#F8766D	44	6.7198630116603	no	132.1
3	#00BFC4	45	6.6424416836381	yes	132.1
4	#F8766D	46	6.56857969277502	no	132.1
4	#F8766D	47	6.492784972401	no	132.1
4	#F8766D	48	6.41706678995683	no	132.1
4	#F8766D	49	6.34178413629388	no	132.1
3	#00BFC4	50	6.26606595384971	yes	132.1
3	#00BFC4	51	6.19126076950575	yes	132.1
4	#F8766D	52	6.11768126142082	no	132.1
3	#00BFC4	53	6.04348707200738	yes	132.1
3	#00BFC4	54	5.96990756392244	yes	132.1
3	#00BFC4	55	5.90162055816844	yes	132.1
3	#00BFC4	56	5.83427495644319	yes	132.1
3	#00BFC4	57	5.76697736819087	yes	132.1
4	#F8766D	58	5.70374413895303	no	132.1
3	#00BFC4	59	5.63848448305776	yes	132.1
4	#F8766D	60	5.57525125381992	no	132.1
4	#F8766D	61	5.5122346793814	no	132.1
4	#F8766D	62	5.44900145014356	no	132.1
3	#00BFC4	63	5.38374179424829	yes	132.1
3	#00BFC4	64	5.32050856501044	yes	132.1
4	#F8766D	65	5.26340326472877	no	132.1
3	#00BFC4	66	5.20017003549093	yes	132.1
3	#00BFC4	67	5.14356609852052	yes	132.1
4	#F8766D	68	5.08771995648215	no	132.1
4	#F8766D	69	5.03111601951174	no	132.1
3	#00BFC4	70	4.97481790065214	yes	132.1
3	#00BFC4	71	4.92023986168363	yes	132.1
4	#F8766D	72	4.87177422515751	no	132.1
4	#F8766D	73	4.81828576847375	no	132.1
4	#F8766D	74	4.7632069449651	no	132.1
4	#F8766D	75	4.7069088261055	no	132.1
3	#00BFC4	76	4.65233078713699	yes	132.1
4	#F8766D	77	4.60439631818324	no	132.1
4	#F8766D	78	4.55525581880217	no	132.1
3	#00BFC4	79	4.50228054849151	yes	132.1
4	#F8766D	80	4.45434607953776	no	132.1
3	#00BFC4	81	4.40520558015669	yes	132.1
3	#00BFC4	82	4.35727111120294	yes	132.1
3	#00BFC4	83	4.31015233884349	yes	132.1
4	#F8766D	84	4.2630753243142	no	132.1
3	#00BFC4	85	4.21596487719373	yes	132.1
3	#00BFC4	86	4.16888786266444	yes	132.1
4	#F8766D	87	4.12508338950637	no	132.1
3	#00BFC4	88	4.07804425721049	yes	132.1
4	#F8766D	89	4.03423978405243	no	132.1
3	#00BFC4	90	3.98725761069311	yes	132.1
3	#00BFC4	91	3.94345313753505	yes	132.1
4	#F8766D	92	3.90173120063518	no	132.1
3	#00BFC4	93	3.85792672747712	yes	132.1
3	#00BFC4	94	3.81677970875473	yes	132.1
4	#F8766D	95	3.77602868106583	no	132.1
3	#00BFC4	96	3.73488166234344	yes	132.1
3	#00BFC4	97	3.69434119819783	yes	132.1
3	#00BFC4	98	3.65484022013639	yes	132.1
3	#00BFC4	99	3.61619267540235	yes	132.1
3	#00BFC4	100	3.57784159373404	yes	132.1
4	#F8766D	101	3.54014988468899	no	132.1
4	#F8766D	102	3.50183142437813	no	132.1
4	#F8766D	103	3.46320339124489	no	132.1
3	#00BFC4	104	3.42485230957658	yes	132.1
4	#F8766D	105	3.38716060053153	no	132.1
3	#00BFC4	106	3.34884214022067	yes	132.1
4	#F8766D	107	3.31115043117562	no	132.1
3	#00BFC4	108	3.27345708404118	yes	132.1
3	#00BFC4	109	3.23576537499613	yes	132.1
4	#F8766D	110	3.19855457049038	no	132.1
4	#F8766D	111	3.16139878100818	no	132.1
3	#00BFC4	112	3.12370707196314	yes	132.1
3	#00BFC4	113	3.08649626745739	yes	132.1
4	#F8766D	114	3.05148015568056	no	132.1
3	#00BFC4	115	3.01540642936183	yes	132.1
4	#F8766D	116	2.980390317585	no	132.1
3	#00BFC4	117	2.94451869422458	yes	132.1
3	#00BFC4	118	2.90950258244775	yes	132.1
3	#00BFC4	119	2.87551075570436	yes	132.1
4	#F8766D	120	2.84158603606087	no	132.1
3	#00BFC4	121	2.80759420931748	yes	132.1
3	#00BFC4	122	2.77395254132064	yes	132.1
3	#00BFC4	123	2.74172963623464	yes	132.1
4	#F8766D	124	2.70953816631063	no	132.1
3	#00BFC4	125	2.67731526122463	yes	132.1
3	#00BFC4	126	2.64544179963091	yes	132.1
4	#F8766D	127	2.61459778627274	no	132.1
3	#00BFC4	128	2.58272432467902	yes	132.1
4	#F8766D	129	2.5523928585152	no	132.1
3	#00BFC4	130	2.52105072919116	yes	132.1
4	#F8766D	131	2.49071926302734	no	132.1
3	#00BFC4	132	2.45955598570514	yes	132.1
4	#F8766D	133	2.42922451954132	no	132.1
3	#00BFC4	134	2.39879818851971	yes	132.1
3	#00BFC4	135	2.36847816991466	yes	132.1
4	#F8766D	136	2.33938477111712	no	132.1
3	#00BFC4	137	2.30906475251207	yes	132.1
3	#00BFC4	138	2.27997177745679	yes	132.1
4	#F8766D	139	2.25284528928066	no	132.1
3	#00BFC4	140	2.22569416767515	yes	132.1
3	#00BFC4	141	2.19856767949902	yes	132.1
3	#00BFC4	142	2.17181336471109	yes	132.1
3	#00BFC4	143	2.14596982741027	yes	132.1
3	#00BFC4	144	2.12074179327191	yes	132.1
4	#F8766D	145	2.09631181210565	no	132.1
3	#00BFC4	146	2.07108377796729	yes	132.1
4	#F8766D	147	2.04668379974392	no	132.1
3	#00BFC4	148	2.02176371197916	yes	132.1
3	#00BFC4	149	1.99736373375579	yes	132.1
4	#F8766D	150	1.97418003175476	no	132.1
3	#00BFC4	151	1.94978005353139	yes	132.1
3	#00BFC4	152	1.92692038709848	yes	132.1
3	#00BFC4	153	1.90410288192767	yes	132.1
3	#00BFC4	154	1.88163058382194	yes	132.1
3	#00BFC4	155	1.85930166083337	yes	132.1
3	#00BFC4	156	1.83774693209332	yes	132.1
3	#00BFC4	157	1.81681993197479	yes	132.1
3	#00BFC4	158	1.79603241567716	yes	132.1
3	#00BFC4	159	1.77541594804312	yes	132.1
4	#F8766D	160	1.75509312753879	no	132.1
3	#00BFC4	161	1.73447665990475	yes	132.1
3	#00BFC4	162	1.7141632373172	yes	132.1
4	#F8766D	163	1.69485871392871	no	132.1
3	#00BFC4	164	1.67454529134116	yes	132.1
4	#F8766D	165	1.6556374934359	no	132.1
3	#00BFC4	166	1.63555458997158	yes	132.1
4	#F8766D	167	1.61664679206632	no	132.1
3	#00BFC4	168	1.59662667505029	yes	132.1
3	#00BFC4	169	1.57771887714503	yes	132.1
3	#00BFC4	170	1.55897849237251	yes	132.1
3	#00BFC4	171	1.54064220118074	yes	132.1
4	#F8766D	172	1.52452401803061	no	132.1
3	#00BFC4	173	1.50757676257791	yes	132.1
4	#F8766D	174	1.49145857942778	no	132.1
3	#00BFC4	175	1.47512885901698	yes	132.1
3	#00BFC4	176	1.45901067586685	yes	132.1
4	#F8766D	177	1.44416885101121	no	132.1
4	#F8766D	178	1.42957947770373	no	132.1
3	#00BFC4	179	1.41434786588364	yes	132.1
3	#00BFC4	180	1.39950604102801	yes	132.1
4	#F8766D	181	1.38491666772053	no	132.1
3	#00BFC4	182	1.37028867655356	yes	132.1
3	#00BFC4	183	1.35569930324608	yes	132.1
4	#F8766D	184	1.34165725787385	no	132.1
3	#00BFC4	185	1.32706788456637	yes	132.1
4	#F8766D	186	1.31310085337501	no	132.1
3	#00BFC4	187	1.29851148006753	yes	132.1
4	#F8766D	188	1.28467728051912	no	132.1
3	#00BFC4	189	1.27056584902162	yes	132.1
4	#F8766D	190	1.25705921632463	no	132.1
3	#00BFC4	191	1.24328449110374	yes	132.1
3	#00BFC4	192	1.22977785840675	yes	132.1
3	#00BFC4	193	1.2163306750464	yes	132.1
3	#00BFC4	194	1.20297505626437	yes	132.1
3	#00BFC4	195	1.18982182289422	yes	132.1
4	#F8766D	196	1.17720548328699	no	132.1
3	#00BFC4	197	1.16405224991684	yes	132.1
4	#F8766D	198	1.15176369730728	no	132.1
3	#00BFC4	199	1.13861046393714	yes	132.1
4	#F8766D	200	1.12654770913998	no	132.1
3	#00BFC4	201	1.11339447576984	yes	132.1
4	#F8766D	202	1.10164452335383	no	132.1
3	#00BFC4	203	1.08849128998369	yes	132.1
4	#F8766D	204	1.07674632265751	no	132.1
4	#F8766D	205	1.06509194404065	no	132.1
3	#00BFC4	206	1.05236133464983	yes	132.1
3	#00BFC4	207	1.04061636732365	yes	132.1
3	#00BFC4	208	1.0289619887068	yes	132.1
3	#00BFC4	209	1.01739101467586	yes	132.1
3	#00BFC4	210	1.00584984666799	yes	132.1
4	#F8766D	211	0.99457728206933	no	132.1
3	#00BFC4	212	0.983036114061463	yes	132.1
3	#00BFC4	213	0.971828106956188	yes	132.1
4	#F8766D	214	0.961376386721734	no	132.1
3	#00BFC4	215	0.950289481834103	yes	132.1
3	#00BFC4	216	0.939837761599649	yes	132.1
4	#F8766D	217	0.929559113928644	no	132.1
3	#00BFC4	218	0.91910739369419	yes	132.1
4	#F8766D	219	0.909074727457536	no	132.1
4	#F8766D	220	0.898796079786531	no	132.1
3	#00BFC4	221	0.888344359552077	yes	132.1
3	#00BFC4	222	0.878374293851998	yes	132.1
3	#00BFC4	223	0.868465697826829	yes	132.1
3	#00BFC4	224	0.858727837256079	yes	132.1
4	#F8766D	225	0.849129772073358	no	132.1
3	#00BFC4	226	0.839391911502608	yes	132.1
3	#00BFC4	227	0.829839429322136	yes	132.1
3	#00BFC4	228	0.820400124358959	yes	132.1
4	#F8766D	229	0.81130258583921	no	132.1
3	#00BFC4	230	0.801992811314798	yes	132.1
4	#F8766D	231	0.79289527279505	no	132.1
3	#00BFC4	232	0.783661238211352	yes	132.1
4	#F8766D	233	0.774563699691604	no	132.1
3	#00BFC4	234	0.765466060224134	yes	132.1
3	#00BFC4	235	0.756368521704385	yes	132.1
4	#F8766D	236	0.74767681615225	no	132.1
3	#00BFC4	237	0.73866125135869	yes	132.1
4	#F8766D	238	0.729969545806554	no	132.1
3	#00BFC4	239	0.721187896929619	yes	132.1
3	#00BFC4	240	0.712496191377484	yes	132.1
4	#F8766D	241	0.70402824870535	no	132.1
3	#00BFC4	242	0.695374125681184	yes	132.1
4	#F8766D	243	0.68690618300905	no	132.1
3	#00BFC4	244	0.67837517737465	yes	132.1
3	#00BFC4	245	0.669907234702516	yes	132.1
4	#F8766D	246	0.661544924074326	no	132.1
4	#F8766D	247	0.653149782533341	no	132.1
3	#00BFC4	248	0.644681839861207	yes	132.1
4	#F8766D	249	0.636319529233018	no	132.1
4	#F8766D	250	0.627974629964054	no	132.1
3	#00BFC4	251	0.619506687291921	yes	132.1
3	#00BFC4	252	0.611144376663731	yes	132.1
3	#00BFC4	253	0.602812566109485	yes	132.1
3	#00BFC4	254	0.595021170011495	yes	132.1
4	#F8766D	255	0.587272317404209	no	132.1
3	#00BFC4	256	0.579480921306218	yes	132.1
3	#00BFC4	257	0.57195247605741	yes	132.1
4	#F8766D	258	0.564577986663911	no	132.1
3	#00BFC4	259	0.557148957525072	yes	132.1
3	#00BFC4	260	0.549774468131574	yes	132.1
3	#00BFC4	261	0.542471575751347	yes	132.1
3	#00BFC4	262	0.535269643979258	yes	132.1
3	#00BFC4	263	0.528215270872663	yes	132.1
4	#F8766D	264	0.521472991078924	no	132.1
3	#00BFC4	265	0.51449089038366	yes	132.1
4	#F8766D	266	0.507748610589921	no	132.1
3	#00BFC4	267	0.500950342427565	yes	132.1
3	#00BFC4	268	0.494208062633826	yes	132.1
4	#F8766D	269	0.487559598306481	no	132.1
3	#00BFC4	270	0.480826816953943	yes	132.1
3	#00BFC4	271	0.474178352626597	yes	132.1
3	#00BFC4	272	0.467538309547191	yes	132.1
3	#00BFC4	273	0.460919094462352	yes	132.1
3	#00BFC4	274	0.454420277036456	yes	132.1
3	#00BFC4	275	0.447965432624782	yes	132.1
4	#F8766D	276	0.441535337347087	no	132.1
3	#00BFC4	277	0.435080492935414	yes	132.1
3	#00BFC4	278	0.428785483796323	yes	132.1
3	#00BFC4	279	0.422496262113773	yes	132.1
3	#00BFC4	280	0.41626423714422	yes	132.1
4	#F8766D	281	0.410194866436577	no	132.1
3	#00BFC4	282	0.403962841467023	yes	132.1
3	#00BFC4	283	0.397974390032479	yes	132.1
4	#F8766D	284	0.392237712903647	no	132.1
3	#00BFC4	285	0.386349251956426	yes	132.1
3	#00BFC4	286	0.380612574827594	yes	132.1
3	#00BFC4	287	0.374940280161172	yes	132.1
3	#00BFC4	288	0.369367411939077	yes	132.1
3	#00BFC4	289	0.363800031811894	yes	132.1
3	#00BFC4	290	0.358429737015237	yes	132.1
3	#00BFC4	291	0.353148484583399	yes	132.1
3	#00BFC4	292	0.347949613767267	yes	132.1
3	#00BFC4	293	0.342785049989892	yes	132.1
3	#00BFC4	294	0.337626124220476	yes	132.1
3	#00BFC4	295	0.332536022825752	yes	132.1
3	#00BFC4	296	0.327491925202351	yes	132.1
3	#00BFC4	297	0.322526715598613	yes	132.1
3	#00BFC4	298	0.317615692280813	yes	132.1
3	#00BFC4	299	0.312715919795173	yes	132.1
4	#F8766D	300	0.307940286412124	no	132.1
3	#00BFC4	301	0.303059893296541	yes	132.1
3	#00BFC4	302	0.298284259913492	yes	132.1
3	#00BFC4	303	0.293563201707902	yes	132.1
4	#F8766D	304	0.289007515458067	no	132.1
3	#00BFC4	305	0.284286457252476	yes	132.1
3	#00BFC4	306	0.279738617374383	yes	132.1
3	#00BFC4	307	0.275231870023071	yes	132.1
3	#00BFC4	308	0.270759237843056	yes	132.1
3	#00BFC4	309	0.266301443520028	yes	132.1
3	#00BFC4	310	0.261867359166553	yes	132.1
3	#00BFC4	311	0.257451079096337	yes	132.1
3	#00BFC4	312	0.253088740488884	yes	132.1
3	#00BFC4	313	0.248762160145674	yes	132.1
4	#F8766D	314	0.2444784530081	no	132.1
3	#00BFC4	315	0.240156875864212	yes	132.1
3	#00BFC4	316	0.235873168726638	yes	132.1
3	#00BFC4	317	0.231681239418457	yes	132.1
3	#00BFC4	318	0.227509838135333	yes	132.1
4	#F8766D	319	0.223352263686746	no	132.1
3	#00BFC4	320	0.219180862403623	yes	132.1
4	#F8766D	321	0.215109316656668	no	132.1
3	#00BFC4	322	0.210937915373544	yes	132.1
4	#F8766D	323	0.206867750886928	no	132.1
3	#00BFC4	324	0.202696349603804	yes	132.1
3	#00BFC4	325	0.198792969331468	yes	132.1
4	#F8766D	326	0.195029831563699	no	132.1
3	#00BFC4	327	0.191126451291362	yes	132.1
3	#00BFC4	328	0.187373044586292	yes	132.1
3	#00BFC4	329	0.183755070875529	yes	132.1
3	#00BFC4	330	0.180190744641031	yes	132.1
4	#F8766D	331	0.176669629829176	no	132.1
3	#00BFC4	332	0.173136881628463	yes	132.1
3	#00BFC4	333	0.169615766816608	yes	132.1
3	#00BFC4	334	0.166328677602483	yes	132.1
3	#00BFC4	335	0.163283027268407	yes	132.1
3	#00BFC4	336	0.160247692360257	yes	132.1
3	#00BFC4	337	0.157230141212109	yes	132.1
4	#F8766D	338	0.154305730294372	no	132.1
4	#F8766D	339	0.151270395386223	no	132.1
3	#00BFC4	340	0.148252844238075	yes	132.1
4	#F8766D	341	0.145341412165552	no	132.1
3	#00BFC4	342	0.142323861017404	yes	132.1
3	#00BFC4	343	0.139685191078289	yes	132.1
3	#00BFC4	344	0.137062145078913	yes	132.1
4	#F8766D	345	0.134516510036646	no	132.1
3	#00BFC4	346	0.13189346403727	yes	132.1
3	#00BFC4	347	0.129388147149178	yes	132.1
3	#00BFC4	348	0.126957185540468	yes	132.1
3	#00BFC4	349	0.124535567181397	yes	132.1
3	#00BFC4	350	0.122117596482542	yes	132.1
3	#00BFC4	351	0.119710565163383	yes	132.1
3	#00BFC4	352	0.117320997575747	yes	132.1
3	#00BFC4	353	0.114976849195794	yes	132.1
4	#F8766D	354	0.112656825767206	no	132.1
3	#00BFC4	355	0.110312677387253	yes	132.1
3	#00BFC4	356	0.108011711974657	yes	132.1
3	#00BFC4	357	0.105718703218311	yes	132.1
4	#F8766D	358	0.103441768452104	no	132.1
3	#00BFC4	359	0.101154226457624	yes	132.1
3	#00BFC4	360	0.0988772916914169	yes	132.1
3	#00BFC4	361	0.0966011280516513	yes	132.1
3	#00BFC4	362	0.094352919520427	yes	132.1
3	#00BFC4	363	0.0921273166587569	yes	132.1
3	#00BFC4	364	0.0899054142389014	yes	132.1
3	#00BFC4	365	0.087699117045101	yes	132.1
3	#00BFC4	366	0.0855163453144196	yes	132.1
3	#00BFC4	367	0.0833372954105324	yes	132.1
3	#00BFC4	368	0.0811977536403409	yes	132.1
3	#00BFC4	369	0.0791048900453363	yes	132.1
3	#00BFC4	370	0.0770145398949168	yes	132.1
3	#00BFC4	371	0.0749783600409587	yes	132.1
3	#00BFC4	372	0.0729779803584445	yes	132.1
3	#00BFC4	373	0.0710022890599513	yes	132.1
4	#F8766D	374	0.0691206735044136	no	132.1
3	#00BFC4	375	0.0671449822059203	yes	132.1
3	#00BFC4	376	0.0654248235777002	yes	132.1
3	#00BFC4	377	0.0637279677282898	yes	132.1
3	#00BFC4	378	0.0620411832492289	yes	132.1
3	#00BFC4	379	0.0603633144266588	yes	132.1
3	#00BFC4	380	0.05869032114386	yes	132.1
3	#00BFC4	381	0.0570683347364967	yes	132.1
3	#00BFC4	382	0.0554708757989564	yes	132.1
3	#00BFC4	383	0.0538816470055714	yes	132.1
3	#00BFC4	384	0.0523556379396491	yes	132.1
3	#00BFC4	385	0.050838565894367	yes	132.1
4	#F8766D	386	0.0493900948518083	no	132.1
3	#00BFC4	387	0.0478730228065262	yes	132.1
3	#00BFC4	388	0.046449205883376	yes	132.1
3	#00BFC4	389	0.0450487669973812	yes	132.1
3	#00BFC4	390	0.0436531865098842	yes	132.1
3	#00BFC4	391	0.0423818341792813	yes	132.1
4	#F8766D	392	0.0411806744273409	no	132.1
3	#00BFC4	393	0.0399666441046207	yes	132.1
3	#00BFC4	394	0.0387654843526803	yes	132.1
3	#00BFC4	395	0.037589431243559	yes	132.1
3	#00BFC4	396	0.0364369490587951	yes	132.1
3	#00BFC4	397	0.0353448008301811	yes	132.1
3	#00BFC4	398	0.0342864858960895	yes	132.1
3	#00BFC4	399	0.0332529967861316	yes	132.1
3	#00BFC4	400	0.032254451578674	yes	132.1
3	#00BFC4	401	0.0312591769632157	yes	132.1
3	#00BFC4	402	0.0302802243389716	yes	132.1
3	#00BFC4	403	0.029339727476604	yes	132.1
3	#00BFC4	404	0.0284198086585173	yes	132.1
3	#00BFC4	405	0.0275573874365449	yes	132.1
3	#00BFC4	406	0.0267002134182175	yes	132.1
3	#00BFC4	407	0.0258485325768117	yes	132.1
3	#00BFC4	408	0.0250053162342026	yes	132.1
3	#00BFC4	409	0.0241707452915806	yes	132.1
3	#00BFC4	410	0.0234413492516293	yes	132.1
4	#F8766D	411	0.0227219235229241	no	132.1
3	#00BFC4	412	0.0220004596134405	yes	132.1
3	#00BFC4	413	0.0212810338847353	yes	132.1
3	#00BFC4	414	0.0206020576980594	yes	132.1
3	#00BFC4	415	0.0199647923733615	yes	132.1
3	#00BFC4	416	0.0193852951938661	yes	132.1
4	#F8766D	417	0.0188078899678226	no	132.1
3	#00BFC4	418	0.0182290946778783	yes	132.1
3	#00BFC4	419	0.0176516894518348	yes	132.1
3	#00BFC4	420	0.0170774823022108	yes	132.1
4	#F8766D	421	0.0165274618705627	no	132.1
3	#00BFC4	422	0.0159626559234577	yes	132.1
3	#00BFC4	423	0.0154126354918096	yes	132.1
3	#00BFC4	424	0.0148637628298669	yes	132.1
3	#00BFC4	425	0.0143150047472487	yes	132.1
3	#00BFC4	426	0.013803518315352	yes	132.1
3	#00BFC4	427	0.0133141988932437	yes	132.1
3	#00BFC4	428	0.0128520739445179	yes	132.1
3	#00BFC4	429	0.0123984670946227	yes	132.1
4	#F8766D	430	0.0119551011249528	no	132.1
4	#F8766D	431	0.0115166363147481	no	132.1
3	#00BFC4	432	0.0110630294648529	yes	132.1
3	#00BFC4	433	0.010619663495183	yes	132.1
3	#00BFC4	434	0.0101835149323498	yes	132.1
4	#F8766D	435	0.00975950543389897	no	132.1
3	#00BFC4	436	0.00932583728798844	yes	132.1
3	#00BFC4	437	0.00890182778953758	yes	132.1
3	#00BFC4	438	0.00847797493256702	yes	132.1
3	#00BFC4	439	0.00805722993185626	yes	132.1
3	#00BFC4	440	0.00768132122925685	yes	132.1
3	#00BFC4	441	0.0073056798284315	yes	132.1
3	#00BFC4	442	0.00693144658328021	yes	132.1
3	#00BFC4	443	0.00656409983219647	yes	132.1
3	#00BFC4	444	0.0062369446838051	yes	132.1
3	#00BFC4	445	0.005918265658841	yes	132.1
3	#00BFC4	446	0.00560348699600254	yes	132.1
3	#00BFC4	447	0.00528974854551953	yes	132.1
3	#00BFC4	448	0.00497823460883204	yes	132.1
3	#00BFC4	449	0.00466707424179755	yes	132.1
3	#00BFC4	450	0.00437636897180513	yes	132.1
3	#00BFC4	451	0.00409148167900382	yes	132.1
3	#00BFC4	452	0.00383446126955896	yes	132.1
3	#00BFC4	453	0.00359463624033782	yes	132.1
3	#00BFC4	454	0.00337237711855717	yes	132.1
3	#00BFC4	455	0.00316689211850671	yes	132.1
3	#00BFC4	456	0.00297015781752616	yes	132.1
3	#00BFC4	457	0.00277685583943318	yes	132.1
3	#00BFC4	458	0.00258896011060791	yes	132.1
3	#00BFC4	459	0.00242897482366777	yes	132.1
3	#00BFC4	460	0.002277485591067	yes	132.1
3	#00BFC4	461	0.00212691245158897	yes	132.1
3	#00BFC4	462	0.00198717680471655	yes	132.1
3	#00BFC4	463	0.00185219869456471	yes	132.1
3	#00BFC4	464	0.00172690061785824	yes	132.1
3	#00BFC4	465	0.00160458997098117	yes	132.1
3	#00BFC4	466	0.00148295902723988	yes	132.1
3	#00BFC4	467	0.00136165615700173	yes	132.1
3	#00BFC4	468	0.00124989980202711	yes	132.1
3	#00BFC4	469	0.0011490816625767	yes	132.1
3	#00BFC4	470	0.00106574620683457	yes	132.1
3	#00BFC4	471	0.000982596874017069	yes	132.1
3	#00BFC4	472	0.000905351266064433	yes	132.1
3	#00BFC4	473	0.000829326928183757	yes	132.1
3	#00BFC4	474	0.000754108363669126	yes	132.1
3	#00BFC4	475	0.000678996953565492	yes	132.1
3	#00BFC4	476	0.000605241220298009	yes	132.1
3	#00BFC4	477	0.000537497403224035	yes	132.1
3	#00BFC4	478	0.000472609730864132	yes	132.1
3	#00BFC4	479	0.000410553718986767	yes	132.1
3	#00BFC4	480	0.000355394206184245	yes	132.1
3	#00BFC4	481	0.000306987403411729	yes	132.1
3	#00BFC4	482	0.000266080128192736	yes	132.1
3	#00BFC4	483	0.000233563862563346	yes	132.1
3	#00BFC4	484	0.000202769394969354	yes	132.1
3	#00BFC4	485	0.000173604716363213	yes	132.1
3	#00BFC4	486	0.000145403599127431	yes	132.1
3	#00BFC4	487	0.000123950564182157	yes	132.1
3	#00BFC4	488	0.000103265257041435	yes	132.1
3	#00BFC4	489	8.34203304002357e-05	yes	132.1
3	#00BFC4	490	6.76271919232419e-05	yes	132.1
3	#00BFC4	491	5.19928085292165e-05	yes	132.1
3	#00BFC4	492	4.09148714261287e-05	yes	132.1
3	#00BFC4	493	3.18502962270151e-05	yes	132.1
3	#00BFC4	494	2.36618673083167e-05	yes	132.1
3	#00BFC4	495	1.88695277495432e-05	yes	132.1
3	#00BFC4	496	1.41982530212914e-05	yes	132.1
3	#00BFC4	497	9.56631519744011e-06	yes	132.1
3	#00BFC4	498	5.79058687166789e-06	yes	132.1
3	#00BFC4	499	2.66474018528751e-06	yes	132.1
3	#00BFC4	500	1.49568407925571e-06	yes	132.1
3	#00BFC4	501	7.26931899119876e-07	yes	132.1
3	#00BFC4	502	0	yes	132.1
4	#F8766D	503	0	no	132.1
3	#00BFC4	0	1.00674312963131	yes	556.20
4	#F8766D	1	0.951270535938611	no	556.20
3	#00BFC4	2	0.827497138492846	yes	556.20
4	#F8766D	3	0.791238677137315	no	556.20
3	#00BFC4	4	0.722413734273678	yes	556.20
4	#F8766D	5	0.701758654727934	no	556.20
3	#00BFC4	6	0.619758349863139	yes	556.20
4	#F8766D	7	0.599737372118481	no	556.20
3	#00BFC4	8	0.542880289397331	yes	556.20
4	#F8766D	9	0.522859311652674	no	556.20
3	#00BFC4	10	0.494706106489514	yes	556.20
3	#00BFC4	11	0.47130731144815	yes	556.20
3	#00BFC4	12	0.451286333703492	yes	556.20
4	#F8766D	13	0.439631113784816	no	556.20
4	#F8766D	14	0.416878369274724	no	556.20
4	#F8766D	15	0.395648564584801	no	556.20
4	#F8766D	16	0.371485912674692	no	556.20
3	#00BFC4	17	0.351464934930035	yes	556.20
4	#F8766D	18	0.33660580003415	no	556.20
3	#00BFC4	19	0.31697348362507	yes	556.20
4	#F8766D	20	0.302513515813157	no	556.20
3	#00BFC4	21	0.282881199404077	yes	556.20
4	#F8766D	22	0.271033440123765	no	556.20
3	#00BFC4	23	0.251401123714686	yes	556.20
3	#00BFC4	24	0.238119517300155	yes	556.20
4	#F8766D	25	0.229618623779468	no	556.20
3	#00BFC4	26	0.217706099974565	yes	556.20
3	#00BFC4	27	0.20920520645388	yes	556.20
4	#F8766D	28	0.200795747537961	no	556.20
3	#00BFC4	29	0.192294854017275	yes	556.20
3	#00BFC4	30	0.184218941005399	yes	556.20
4	#F8766D	31	0.176478606570377	no	556.20
3	#00BFC4	32	0.168402693558501	yes	556.20
3	#00BFC4	33	0.160834395268324	yes	556.20
3	#00BFC4	34	0.154112016323495	yes	556.20
4	#F8766D	35	0.148010078755143	no	556.20
3	#00BFC4	36	0.141287699810313	yes	556.20
4	#F8766D	37	0.135921458685638	no	556.20
3	#00BFC4	38	0.130303153812214	yes	556.20
3	#00BFC4	39	0.124936912687539	yes	556.20
3	#00BFC4	40	0.119899533107069	yes	556.20
3	#00BFC4	41	0.115529355793965	yes	556.20
3	#00BFC4	42	0.111267814417046	yes	556.20
3	#00BFC4	43	0.107093386345692	yes	556.20
3	#00BFC4	44	0.103342614109439	yes	556.20
4	#F8766D	45	0.0999269743603155	no	556.20
3	#00BFC4	46	0.0961762021240628	yes	556.20
3	#00BFC4	47	0.0931729284993925	yes	556.20
3	#00BFC4	48	0.0902159975201375	yes	556.20
3	#00BFC4	49	0.0873827487876344	yes	556.20
3	#00BFC4	50	0.0846048019091214	yes	556.20
3	#00BFC4	51	0.0818661495775188	yes	556.20
4	#F8766D	52	0.0793441431502813	no	556.20
3	#00BFC4	53	0.0767274835298024	yes	556.20
3	#00BFC4	54	0.0742054771025649	yes	556.20
3	#00BFC4	55	0.0717678805755071	yes	556.20
3	#00BFC4	56	0.0693312187034749	yes	556.20
3	#00BFC4	57	0.06699883100333	yes	556.20
3	#00BFC4	58	0.0647065719833006	yes	556.20
3	#00BFC4	59	0.0625818402810281	yes	556.20
4	#F8766D	60	0.0606961917742691	no	556.20
3	#00BFC4	61	0.0585714600719965	yes	556.20
4	#F8766D	62	0.0567041181796716	no	556.20
3	#00BFC4	63	0.054579386477399	yes	556.20
3	#00BFC4	64	0.0527604752399228	yes	556.20
3	#00BFC4	65	0.0509694726665152	yes	556.20
3	#00BFC4	66	0.049195903657285	yes	556.20
3	#00BFC4	67	0.0474458282479221	yes	556.20
3	#00BFC4	68	0.045832835881337	yes	556.20
4	#F8766D	69	0.0443072175117994	no	556.20
4	#F8766D	70	0.0427082070615799	no	556.20
3	#00BFC4	71	0.0411218624000905	yes	556.20
4	#F8766D	72	0.0395873716452114	no	556.20
3	#00BFC4	73	0.038001026983722	yes	556.20
3	#00BFC4	74	0.0364754086141845	yes	556.20
3	#00BFC4	75	0.0350071113933623	yes	556.20
3	#00BFC4	76	0.0336156991895391	yes	556.20
3	#00BFC4	77	0.0322595292765191	yes	556.20
3	#00BFC4	78	0.030953056697811	yes	556.20
3	#00BFC4	79	0.0297477310700508	yes	556.20
4	#F8766D	80	0.0286816008039895	no	556.20
4	#F8766D	81	0.0273751282252814	no	556.20
3	#00BFC4	82	0.0261698025975212	yes	556.20
4	#F8766D	83	0.0251139691756562	no	556.20
3	#00BFC4	84	0.0239967675865052	yes	556.20
4	#F8766D	85	0.0229684050436871	no	556.20
3	#00BFC4	86	0.0219208258534616	yes	556.20
3	#00BFC4	87	0.0208924633106436	yes	556.20
3	#00BFC4	88	0.0198764043498135	yes	556.20
3	#00BFC4	89	0.0188807986681509	yes	556.20
3	#00BFC4	90	0.017901569030364	yes	556.20
4	#F8766D	91	0.0169320672908551	no	556.20
3	#00BFC4	92	0.0159528376530682	yes	556.20
3	#00BFC4	93	0.0149912382953715	yes	556.20
3	#00BFC4	94	0.0140303263910811	yes	556.20
3	#00BFC4	95	0.0130949691750114	yes	556.20
3	#00BFC4	96	0.01223716398293	yes	556.20
3	#00BFC4	97	0.0114413475527042	yes	556.20
3	#00BFC4	98	0.0106627707407608	yes	556.20
3	#00BFC4	99	0.00992136557744936	yes	556.20
4	#F8766D	100	0.00918488249580427	no	556.20
3	#00BFC4	101	0.00844347733249288	yes	556.20
4	#F8766D	102	0.00771368349173627	no	556.20
3	#00BFC4	103	0.00697227832842494	yes	556.20
3	#00BFC4	104	0.00630408111512813	yes	556.20
3	#00BFC4	105	0.0057936171524978	yes	556.20
3	#00BFC4	106	0.00528612195770776	yes	556.20
3	#00BFC4	107	0.00479212068325706	yes	556.20
3	#00BFC4	108	0.00433895062040677	yes	556.20
3	#00BFC4	109	0.00391396273123616	yes	556.20
4	#F8766D	110	0.0035478676599555	no	556.20
3	#00BFC4	111	0.00315149757284803	yes	556.20
3	#00BFC4	112	0.00278540250156737	yes	556.20
3	#00BFC4	113	0.0025064338538087	yes	556.20
4	#F8766D	114	0.00223211355327811	no	556.20
3	#00BFC4	115	0.00195314490551944	yes	556.20
3	#00BFC4	116	0.00171647407182111	yes	556.20
3	#00BFC4	117	0.00151423392034212	yes	556.20
3	#00BFC4	118	0.0013343508041926	yes	556.20
3	#00BFC4	119	0.00115505748528994	yes	556.20
3	#00BFC4	120	0.000976523954916663	yes	556.20
3	#00BFC4	121	0.000811564560965882	yes	556.20
3	#00BFC4	122	0.000677293156472924	yes	556.20
4	#F8766D	123	0.000561513652713685	no	556.20
3	#00BFC4	124	0.000427242248220727	yes	556.20
3	#00BFC4	125	0.000358516193843705	yes	556.20
3	#00BFC4	126	0.000301741214756301	yes	556.20
4	#F8766D	127	0.000257799527571833	no	556.20
4	#F8766D	128	0.000195955947293835	no	556.20
3	#00BFC4	129	0.000139180968206431	yes	556.20
3	#00BFC4	130	9.65347471563009e-05	yes	556.20
3	#00BFC4	131	6.15029073424527e-05	yes	556.20
3	#00BFC4	132	3.84998425680128e-05	yes	556.20
3	#00BFC4	133	2.04473980995046e-05	yes	556.20
3	#00BFC4	134	1.31959754971211e-05	yes	556.20
3	#00BFC4	135	6.50906466206913e-06	yes	556.20
3	#00BFC4	136	2.78764107866647e-06	yes	556.20
3	#00BFC4	137	0	yes	556.20
3	#00BFC4	0	1.31387055705505	yes	16.5
4	#F8766D	1	1.27157095004394	no	16.5
3	#00BFC4	2	1.02601314960143	yes	16.5
3	#00BFC4	3	0.940256642390531	yes	16.5
3	#00BFC4	4	0.901338857377273	yes	16.5
3	#00BFC4	5	0.863823433678013	yes	16.5
4	#F8766D	6	0.842748028690633	no	16.5
3	#00BFC4	7	0.81144234384133	yes	16.5
4	#F8766D	8	0.793428724975241	no	16.5
3	#00BFC4	9	0.770409251767562	yes	16.5
3	#00BFC4	10	0.752395632901473	yes	16.5
4	#F8766D	11	0.734817391224891	no	16.5
3	#00BFC4	12	0.716803772358802	yes	16.5
3	#00BFC4	13	0.699311856334186	yes	16.5
4	#F8766D	14	0.683505914266568	no	16.5
3	#00BFC4	15	0.666219074033788	yes	16.5
4	#F8766D	16	0.651548624483546	no	16.5
4	#F8766D	17	0.638740197202367	no	16.5
3	#00BFC4	18	0.621453356969587	yes	16.5
3	#00BFC4	19	0.608810019547016	yes	16.5
3	#00BFC4	20	0.596315974092362	yes	16.5
4	#F8766D	21	0.584913482037181	no	16.5
3	#00BFC4	22	0.57332968556053	yes	16.5
3	#00BFC4	23	0.561927193505348	yes	16.5
3	#00BFC4	24	0.551681712162839	yes	16.5
4	#F8766D	25	0.54150598872032	no	16.5
3	#00BFC4	26	0.531260507377811	yes	16.5
3	#00BFC4	27	0.521384275197014	yes	16.5
3	#00BFC4	28	0.512058527947238	yes	16.5
4	#F8766D	29	0.502906492871162	no	16.5
3	#00BFC4	30	0.493580745621387	yes	16.5
3	#00BFC4	31	0.484740572830599	yes	16.5
4	#F8766D	32	0.475997353471274	no	16.5
3	#00BFC4	33	0.467177414109064	yes	16.5
3	#00BFC4	34	0.459128008848212	yes	16.5
4	#F8766D	35	0.451086341701558	no	16.5
3	#00BFC4	36	0.443036936440707	yes	16.5
4	#F8766D	37	0.435698943667928	no	16.5
3	#00BFC4	38	0.427649538407077	yes	16.5
3	#00BFC4	39	0.420584091850687	yes	16.5
3	#00BFC4	40	0.41430993759588	yes	16.5
3	#00BFC4	41	0.408076878003399	yes	16.5
4	#F8766D	42	0.402353782328195	no	16.5
3	#00BFC4	43	0.396480667563288	yes	16.5
4	#F8766D	44	0.390757571888085	no	16.5
3	#00BFC4	45	0.384893155971031	yes	16.5
3	#00BFC4	46	0.379170060295828	yes	16.5
3	#00BFC4	47	0.373497211785958	yes	16.5
3	#00BFC4	48	0.367894423057597	yes	16.5
4	#F8766D	49	0.362814038466012	no	16.5
4	#F8766D	50	0.357318190038128	no	16.5
3	#00BFC4	51	0.351715401309767	yes	16.5
4	#F8766D	52	0.346635016718182	no	16.5
3	#00BFC4	53	0.341213325342232	yes	16.5
4	#F8766D	54	0.336132940750648	no	16.5
3	#00BFC4	55	0.330748231102269	yes	16.5
3	#00BFC4	56	0.325667846510685	yes	16.5
3	#00BFC4	57	0.320664972736952	yes	16.5
4	#F8766D	58	0.315909405356568	no	16.5
4	#F8766D	59	0.310906531582835	no	16.5
3	#00BFC4	60	0.306016479949408	yes	16.5
3	#00BFC4	61	0.301344449134128	yes	16.5
4	#F8766D	62	0.296896904741111	no	16.5
3	#00BFC4	63	0.292253834810367	yes	16.5
4	#F8766D	64	0.287806290417349	no	16.5
3	#00BFC4	65	0.283183641264373	yes	16.5
3	#00BFC4	66	0.278736096871356	yes	16.5
4	#F8766D	67	0.274648866608816	no	16.5
3	#00BFC4	68	0.270382173528717	yes	16.5
4	#F8766D	69	0.266294943266176	no	16.5
3	#00BFC4	70	0.262075684509532	yes	16.5
3	#00BFC4	71	0.257988454246992	yes	16.5
3	#00BFC4	72	0.253956733243961	yes	16.5
3	#00BFC4	73	0.250087906402011	yes	16.5
4	#F8766D	74	0.246308177279122	no	16.5
3	#00BFC4	75	0.242475368029445	yes	16.5
3	#00BFC4	76	0.238695638906556	yes	16.5
3	#00BFC4	77	0.234946350207405	yes	16.5
4	#F8766D	78	0.231422341710189	no	16.5
3	#00BFC4	79	0.227690509935505	yes	16.5
3	#00BFC4	80	0.224166501438289	yes	16.5
3	#00BFC4	81	0.220655122235699	yes	16.5
3	#00BFC4	82	0.217156539062066	yes	16.5
4	#F8766D	83	0.213715429321008	no	16.5
3	#00BFC4	84	0.210216846147375	yes	16.5
3	#00BFC4	85	0.206783145615096	yes	16.5
3	#00BFC4	86	0.203370016456611	yes	16.5
4	#F8766D	87	0.199993983477087	no	16.5
3	#00BFC4	88	0.196580854318603	yes	16.5
4	#F8766D	89	0.193279156113769	no	16.5
3	#00BFC4	90	0.189866026955285	yes	16.5
4	#F8766D	91	0.186661918560964	no	16.5
3	#00BFC4	92	0.183393636283459	yes	16.5
3	#00BFC4	93	0.180189527889138	yes	16.5
3	#00BFC4	94	0.177043978232083	yes	16.5
4	#F8766D	95	0.174394862443192	no	16.5
4	#F8766D	96	0.171406336337185	no	16.5
4	#F8766D	97	0.168757220548294	no	16.5
3	#00BFC4	98	0.165727031561778	yes	16.5
4	#F8766D	99	0.163077915772887	no	16.5
3	#00BFC4	100	0.160202328414197	yes	16.5
3	#00BFC4	101	0.157553212625307	yes	16.5
4	#F8766D	102	0.154937889172287	no	16.5
4	#F8766D	103	0.152307123374018	no	16.5
3	#00BFC4	104	0.149658007585127	yes	16.5
3	#00BFC4	105	0.147042684132107	yes	16.5
3	#00BFC4	106	0.144437766189039	yes	16.5
3	#00BFC4	107	0.141947983021077	yes	16.5
3	#00BFC4	108	0.139473033410459	yes	16.5
3	#00BFC4	109	0.137014498146199	yes	16.5
4	#F8766D	110	0.134572877180358	no	16.5
3	#00BFC4	111	0.132114341916098	yes	16.5
3	#00BFC4	112	0.129697539298457	yes	16.5
4	#F8766D	113	0.127491452078283	no	16.5
3	#00BFC4	114	0.125221837608095	yes	16.5
3	#00BFC4	115	0.123015750387921	yes	16.5
4	#F8766D	116	0.120816898387656	no	16.5
4	#F8766D	117	0.118610681093879	no	16.5
3	#00BFC4	118	0.116404593873706	yes	16.5
4	#F8766D	119	0.11420574187344	no	16.5
3	#00BFC4	120	0.111999654653267	yes	16.5
3	#00BFC4	121	0.109913733880173	yes	16.5
4	#F8766D	122	0.107867652172033	no	16.5
3	#00BFC4	123	0.10580433267688	yes	16.5
3	#00BFC4	124	0.10375825096874	yes	16.5
3	#00BFC4	125	0.101742688800311	yes	16.5
3	#00BFC4	126	0.0997368525272012	yes	16.5
3	#00BFC4	127	0.097800903854291	yes	16.5
4	#F8766D	128	0.0958911900188129	no	16.5
4	#F8766D	129	0.0939552413459028	no	16.5
4	#F8766D	130	0.0920441919283632	no	16.5
3	#00BFC4	131	0.090108243255453	yes	16.5
3	#00BFC4	132	0.0882851070179348	yes	16.5
3	#00BFC4	133	0.0865106689358208	yes	16.5
3	#00BFC4	134	0.0847496215189158	yes	16.5
4	#F8766D	135	0.0831539946135252	no	16.5
3	#00BFC4	136	0.0814518442322195	yes	16.5
3	#00BFC4	137	0.0798562173268289	yes	16.5
3	#00BFC4	138	0.0783069671312122	yes	16.5
3	#00BFC4	139	0.0767581438142205	yes	16.5
3	#00BFC4	140	0.0752241969782907	yes	16.5
4	#F8766D	141	0.0737176384491494	no	16.5
3	#00BFC4	142	0.0721888983085451	yes	16.5
3	#00BFC4	143	0.0706823397794038	yes	16.5
3	#00BFC4	144	0.0691918375698991	yes	16.5
4	#F8766D	145	0.0677927911810349	no	16.5
3	#00BFC4	146	0.0663800347467962	yes	16.5
3	#00BFC4	147	0.0649809883579318	yes	16.5
3	#00BFC4	148	0.0636206672306775	yes	16.5
3	#00BFC4	149	0.0622847441817585	yes	16.5
4	#F8766D	150	0.0609520900988326	no	16.5
3	#00BFC4	151	0.0596161670499137	yes	16.5
4	#F8766D	152	0.0583430187613741	no	16.5
3	#00BFC4	153	0.0570070957124551	yes	16.5
4	#F8766D	154	0.05580984207675	no	16.5
3	#00BFC4	155	0.0545778844415876	yes	16.5
3	#00BFC4	156	0.0533806308058825	yes	16.5
3	#00BFC4	157	0.0521967509291919	yes	16.5
3	#00BFC4	158	0.0510319980591941	yes	16.5
3	#00BFC4	159	0.0498697835949101	yes	16.5
4	#F8766D	160	0.0487311830669415	no	16.5
3	#00BFC4	161	0.0475704052569637	yes	16.5
3	#00BFC4	162	0.0464318047289951	yes	16.5
3	#00BFC4	163	0.0453718766174542	yes	16.5
3	#00BFC4	164	0.0443138691060335	yes	16.5
3	#00BFC4	165	0.0432670982817759	yes	16.5
3	#00BFC4	166	0.0422495281835791	yes	16.5
3	#00BFC4	167	0.0412323464920048	yes	16.5
3	#00BFC4	168	0.0402168496299417	yes	16.5
4	#F8766D	169	0.0392392102443274	no	16.5
4	#F8766D	170	0.0382603996859344	no	16.5
3	#00BFC4	171	0.0372449028238713	yes	16.5
3	#00BFC4	172	0.036267263438257	yes	16.5
3	#00BFC4	173	0.0353024476226752	yes	16.5
3	#00BFC4	174	0.034359894857889	yes	16.5
4	#F8766D	175	0.0334971371583453	no	16.5
3	#00BFC4	176	0.0326286915350587	yes	16.5
3	#00BFC4	177	0.031765933835515	yes	16.5
3	#00BFC4	178	0.0309051823639246	yes	16.5
3	#00BFC4	179	0.0301000827073832	yes	16.5
3	#00BFC4	180	0.029300593028014	yes	16.5
3	#00BFC4	181	0.0285049410261355	yes	16.5
3	#00BFC4	182	0.0277356804294655	yes	16.5
3	#00BFC4	183	0.0269898782532936	yes	16.5
3	#00BFC4	184	0.0262704465964877	yes	16.5
3	#00BFC4	185	0.0255846962465805	yes	16.5
3	#00BFC4	186	0.0249204791363787	yes	16.5
3	#00BFC4	187	0.0242909321942611	yes	16.5
3	#00BFC4	188	0.0236759914390948	yes	16.5
3	#00BFC4	189	0.0230699840624715	yes	16.5
3	#00BFC4	190	0.0224697526686302	yes	16.5
3	#00BFC4	191	0.0218706650572071	yes	16.5
3	#00BFC4	192	0.0212812624796833	yes	16.5
3	#00BFC4	193	0.0206955831027331	yes	16.5
3	#00BFC4	194	0.0201148259843528	yes	16.5
4	#F8766D	195	0.019542508545735	no	16.5
3	#00BFC4	196	0.0189617514273547	yes	16.5
3	#00BFC4	197	0.0184272032862715	yes	16.5
4	#F8766D	198	0.0178984880007211	no	16.5
3	#00BFC4	199	0.0173639398596379	yes	16.5
3	#00BFC4	200	0.0168367412415125	yes	16.5
4	#F8766D	201	0.0163117096109249	no	16.5
3	#00BFC4	202	0.0157845109927995	yes	16.5
4	#F8766D	203	0.0152685519510908	no	16.5
3	#00BFC4	204	0.0147413533329654	yes	16.5
3	#00BFC4	205	0.0142363008618881	yes	16.5
3	#00BFC4	206	0.013754226487319	yes	16.5
3	#00BFC4	207	0.0132746980714024	yes	16.5
4	#F8766D	208	0.0128192615364925	no	16.5
3	#00BFC4	209	0.0123501127980018	yes	16.5
3	#00BFC4	210	0.0118946762630918	yes	16.5
3	#00BFC4	211	0.0114576476882114	yes	16.5
3	#00BFC4	212	0.0110211824352801	yes	16.5
3	#00BFC4	213	0.0105947884036642	yes	16.5
3	#00BFC4	214	0.0101732840342497	yes	16.5
3	#00BFC4	215	0.00977549255796353	yes	16.5
4	#F8766D	216	0.00937870312188786	no	16.5
3	#00BFC4	217	0.00898091164560166	yes	16.5
3	#00BFC4	218	0.0085997724021226	yes	16.5
3	#00BFC4	219	0.00826821554606339	yes	16.5
3	#00BFC4	220	0.00794774999563538	yes	16.5
3	#00BFC4	221	0.00764056026478549	yes	16.5
4	#F8766D	222	0.00735563830941866	no	16.5
3	#00BFC4	223	0.00706833987716817	yes	16.5
3	#00BFC4	224	0.00678341792180133	yes	16.5
3	#00BFC4	225	0.00649908437088225	yes	16.5
3	#00BFC4	226	0.00621703928109348	yes	16.5
3	#00BFC4	227	0.00594413005607868	yes	16.5
3	#00BFC4	228	0.00570199678333067	yes	16.5
3	#00BFC4	229	0.00546612276388424	yes	16.5
3	#00BFC4	230	0.00523398880311387	yes	16.5
4	#F8766D	231	0.00502158215383302	no	16.5
3	#00BFC4	232	0.00479635815857217	yes	16.5
3	#00BFC4	233	0.00458395150929133	yes	16.5
3	#00BFC4	234	0.0043940984869848	yes	16.5
3	#00BFC4	235	0.00421482779463559	yes	16.5
4	#F8766D	236	0.00403976726179083	no	16.5
3	#00BFC4	237	0.00386049656944162	yes	16.5
3	#00BFC4	238	0.00369061402122017	yes	16.5
3	#00BFC4	239	0.00352193169542316	yes	16.5
3	#00BFC4	240	0.00335622804899226	yes	16.5
3	#00BFC4	241	0.00319574511990338	yes	16.5
3	#00BFC4	242	0.00304345601921054	yes	16.5
3	#00BFC4	243	0.00289359385587328	yes	16.5
3	#00BFC4	244	0.00274926829813583	yes	16.5
3	#00BFC4	245	0.00263202322590517	yes	16.5
3	#00BFC4	246	0.00251481070888052	yes	16.5
3	#00BFC4	247	0.0023976534399862	yes	16.5
3	#00BFC4	248	0.00228704626333817	yes	16.5
3	#00BFC4	249	0.00217779485461922	yes	16.5
3	#00BFC4	250	0.00207031342423547	yes	16.5
3	#00BFC4	251	0.00196369209894721	yes	16.5
3	#00BFC4	252	0.00186893688699551	yes	16.5
3	#00BFC4	253	0.00178212728170217	yes	16.5
3	#00BFC4	254	0.00169706686840725	yes	16.5
3	#00BFC4	255	0.00161516275849542	yes	16.5
3	#00BFC4	256	0.00153469275799871	yes	16.5
3	#00BFC4	257	0.00145469243178018	yes	16.5
3	#00BFC4	258	0.0013768304689821	yes	16.5
3	#00BFC4	259	0.00129911795515506	yes	16.5
3	#00BFC4	260	0.00122317888430243	yes	16.5
3	#00BFC4	261	0.00115141928962551	yes	16.5
3	#00BFC4	262	0.00108253475173403	yes	16.5
4	#F8766D	263	0.00101453099793231	no	16.5
3	#00BFC4	264	0.000945646460040835	yes	16.5
3	#00BFC4	265	0.000879229055551921	yes	16.5
3	#00BFC4	266	0.000814705821353139	yes	16.5
3	#00BFC4	267	0.000750561952703907	yes	16.5
3	#00BFC4	268	0.000697519492953666	yes	16.5
3	#00BFC4	269	0.000646688895130964	yes	16.5
3	#00BFC4	270	0.000596650197690301	yes	16.5
3	#00BFC4	271	0.00054853682441563	yes	16.5
3	#00BFC4	272	0.000508304997468035	yes	16.5
3	#00BFC4	273	0.000470002096829238	yes	16.5
3	#00BFC4	274	0.000432909090006305	yes	16.5
3	#00BFC4	275	0.000396036547633415	yes	16.5
3	#00BFC4	276	0.000360995027118715	yes	16.5
3	#00BFC4	277	0.000333024013167817	yes	16.5
3	#00BFC4	278	0.000305850904793127	yes	16.5
3	#00BFC4	279	0.00027911673074193	yes	16.5
3	#00BFC4	280	0.000253177386794064	yes	16.5
3	#00BFC4	281	0.000227997946257484	yes	16.5
3	#00BFC4	282	0.000203354743868067	yes	16.5
3	#00BFC4	283	0.000178759439036738	yes	16.5
3	#00BFC4	284	0.000154495541011795	yes	16.5
3	#00BFC4	285	0.000137608959433239	yes	16.5
3	#00BFC4	286	0.000120756337880598	yes	16.5
3	#00BFC4	287	0.00010420480008573	yes	16.5
4	#F8766D	288	8.80423162127747e-05	no	16.5
3	#00BFC4	289	7.1879832339819e-05	yes	16.5
3	#00BFC4	290	5.62151055806398e-05	yes	16.5
3	#00BFC4	291	4.16442629428138e-05	yes	16.5
3	#00BFC4	292	3.20975624893138e-05	yes	16.5
3	#00BFC4	293	2.29250229194303e-05	yes	16.5
3	#00BFC4	294	1.86258078067394e-05	yes	16.5
3	#00BFC4	295	1.43699531637564e-05	yes	16.5
3	#00BFC4	296	1.02403156231889e-05	yes	16.5
3	#00BFC4	297	6.15959737743088e-06	yes	16.5
3	#00BFC4	298	4.93671012566366e-06	yes	16.5
3	#00BFC4	299	3.83859658470431e-06	yes	16.5
3	#00BFC4	300	2.79058870245041e-06	yes	16.5
3	#00BFC4	301	1.75920735762114e-06	yes	16.5
3	#00BFC4	302	8.07132548907852e-07	yes	16.5
3	#00BFC4	303	0	yes	16.5
4	#F8766D	304	0	no	16.5
4	#F8766D	305	0	no	16.5
3	#00BFC4	0	0.563975305048356	yes	271.19
3	#00BFC4	1	0.455619684626966	yes	271.19
3	#00BFC4	2	0.398532001020466	yes	271.19
4	#F8766D	3	0.358297030029001	no	271.19
3	#00BFC4	4	0.294300564454995	yes	271.19
4	#F8766D	5	0.254065593463529	no	271.19
3	#00BFC4	6	0.194922602532409	yes	271.19
3	#00BFC4	7	0.154687631540943	yes	271.19
4	#F8766D	8	0.138391328058391	no	271.19
3	#00BFC4	9	0.118685113491734	yes	271.19
3	#00BFC4	10	0.105364597179356	yes	271.19
3	#00BFC4	11	0.0926063697321135	yes	271.19
4	#F8766D	12	0.0866048508144983	no	271.19
3	#00BFC4	13	0.0745755933828449	yes	271.19
4	#F8766D	14	0.0697311535137521	no	271.19
4	#F8766D	15	0.0613398288728262	no	271.19
3	#00BFC4	16	0.0517003771644837	yes	271.19
4	#F8766D	17	0.0461920048627145	no	271.19
3	#00BFC4	18	0.0365525531543721	yes	271.19
3	#00BFC4	19	0.0300987203928938	yes	271.19
3	#00BFC4	20	0.0255892865907257	yes	271.19
3	#00BFC4	21	0.0216770344838848	yes	271.19
3	#00BFC4	22	0.0180990225270368	yes	271.19
3	#00BFC4	23	0.0149788357350567	yes	271.19
3	#00BFC4	24	0.0123570889869801	yes	271.19
4	#F8766D	25	0.0107720062813423	no	271.19
3	#00BFC4	26	0.00815025953326565	yes	271.19
4	#F8766D	27	0.00691356064705573	no	271.19
3	#00BFC4	28	0.00489830334865854	yes	271.19
3	#00BFC4	29	0.00383686882797585	yes	271.19
3	#00BFC4	30	0.00301805385358833	yes	271.19
3	#00BFC4	31	0.00220471494895547	yes	271.19
3	#00BFC4	32	0.00145138527453387	yes	271.19
3	#00BFC4	33	0.000868334727589404	yes	271.19
3	#00BFC4	34	0.000457369118400997	yes	271.19
3	#00BFC4	35	0.000208307002878882	yes	271.19
3	#00BFC4	36	0.000129124251632251	yes	271.19
3	#00BFC4	37	5.24459359332874e-05	yes	271.19
3	#00BFC4	38	1.96780407457076e-05	yes	271.19
3	#00BFC4	39	1.32702335522983e-05	yes	271.19
3	#00BFC4	40	7.15417545960051e-06	yes	271.19
3	#00BFC4	41	1.717125223899e-06	yes	271.19
3	#00BFC4	42	0	yes	271.19
