x	y	showSelected1
22.974087	-0.0679388286565756	322.15
24.254361	0.0538064436957938	322.15
26.604902	-0.00144341686966872	322.15
27.977378	-0.0203404482841755	322.15
29.231268	-0.0130430374755989	322.15
31.081789	0.0412429822318813	322.15
31.093788	0	322.15
31.131692	-0.0603972796439563	322.15
32.426685	0.818032474658094	322.15
32.788184	0.31150311546827	322.15
34.247837	0.191562650700756	322.15
34.710155	-0.0513991525066443	322.15
35.764862	-0.0499049058263139	322.15
39.923507	0.0257375614136083	322.15
40.453871	-0.442222328605074	322.15
40.713112	0.00288250853312137	322.15
40.809178	-0.0130430374755989	322.15
40.979405	-0.0499049058263139	322.15
43.453032	-0.0144995696951151	322.15
43.458467	-0.0499049058263139	322.15
44.380168	0.0285691521967709	322.15
44.74188	0.0285691521967709	322.15
45.49079	-0.0350469470992008	322.15
48.576367	0.0524158941511385	322.15
48.57637	0.0579700686373299	322.15
48.57639	0.0313951962755343	322.15
48.613773	0.13224779829844	322.15
49.896875	-0.0188780102056894	322.15
51.540853	-0.0439433475875971	322.15
54.288377	-0.0484122051852459	322.15
55.995536	-0.0188780102056894	322.15
56.047546	-0.0159575739029762	322.15
57.114499	-0.0862010350493039	322.15
58.421597	-0.0320936297098533	322.15
62.692806	0.018634174139051	322.15
63.449171	-0.0203404482841755	322.15
66.434039	-0.036525876025114	322.15
66.602863	0.137503523749935	322.15
66.907737	-0.0218043703183484	322.15
66.923948	-0.045431429247006	322.15
68.160315	-0.0588936890535686	322.15
69.646642	-0.0499049058263139	322.15
71.106266	0.018634174139051	322.15
72.317447	0.0551956542421246	322.15
72.371292	-0.0130430374755989	322.15
73.023118	0.0551956542421246	322.15
73.079077	0.01292617444427	322.15
74.95044	0.0356239097307212	322.15
75.998408	-0.0649174766813385	322.15
78.712214	0.124328135002202	322.15
78.783807	0.146655222119465	322.15
78.832915	0.0157829972409275	322.15
80.141945	0.0398402645317911	322.15
82.203868	-0.00433459026389113	322.15
83.781537	0.0100636833446975	322.15
83.864021	-0.00144341686966872	322.15
83.892295	0	322.15
86.265575	-0.0232697793228472	322.15
87.851962	-0.0101343771337132	322.15
89.089167	-0.0846703239869906	322.15
90.939475	0.151858816727005	322.15
91.330257	-0.0276749584428483	322.15
91.356274	0.0590037409774201	322.15
91.474082	0.0496307677246004	322.15
91.673547	-0.0439433475875971	322.15
92.975826	0.00432160595009347	322.15
94.845166	0.0356239097307212	322.15
95.776711	-0.0877333719335504	322.15
96.881132	-0.0679388286565756	322.15
98.600434	-0.0320936297098533	322.15
99.898052	-0.110915901401851	322.15
102.097669	-0.0499049058263139	322.15
4.278697	-0.239566125329888	357.X
5.972026	-0.535331732996556	357.X
8.031099	-0.405451450449646	357.X
19.049299	-0.430508908041284	357.X
21.746368	-0.533242384273829	357.X
23.398304	-0.732164607902385	357.X
30.553433	-0.492078535042672	357.X
31.732242	-0.229382353343797	357.X
34.230257	-0.510457064357526	357.X
39.768753	-0.401634794676355	357.X
40.83301	-0.360304766600418	357.X
42.221163	-0.514573172829758	357.X
47.392833	-0.592919224549499	357.X
48.125803	0.169925001442312	357.X
51.376982	-0.321928094887362	357.X
54.070863	-1.07704103576383	357.X
55.060778	-0.286304185156641	357.X
63.305734	-0.354759487354735	357.X
70.15725	-0.00288827932482651	357.X
73.386249	-0.44418384493836	357.X
81.533174	-0.595096877854869	357.X
89.417873	0.0840642647884745	357.X
96.097811	-0.873027143742234	357.X
99.487991	-0.401634794676355	357.X
103.097344	-0.469929257774916	357.X
107.350928	-0.234465253637023	357.X
107.38796	-0.42081985187285	357.X
110.471521	-0.289827251720338	357.X
111.312334	-0.394031641158542	357.X
122.462723	0.0412429822318813	357.X
133.511023	0.24000896473507	357.X
136.227703	-0.554273296650016	357.X
137.732689	-0.325539348439741	357.X
140.315508	-0.655171503002559	357.X
149.524772	-0.550042516371997	357.X
153.4932	-0.22431729826094	357.X
154.13071	-0.397828209246621	357.X
1.805514	-0.229382353343797	14.19
3.470313	-0.158429362604483	14.19
4.187259	-0.202571917847687	14.19
4.85603	-0.123433941248279	14.19
6.1179	-0.00723156923107586	14.19
6.298687	-0.214240225572989	14.19
7.865689	-0.200912693925996	14.19
9.827726	-0.176250639691727	14.19
10.125246	-0.166502663140165	14.19
11.162371	-0.229382353343797	14.19
12.766094	-0.209227962138	14.19
13.197206	-0.0694518807521452	14.19
14.443753	-0.182786075741673	14.19
16.112059	-0.249822294406943	14.19
16.314124	-0.15360697914764	14.19
17.18946	-0.190997225060914	14.19
18.30012	-0.184424571137427	14.19
18.454876	-0.0709665213541436	14.19
19.163222	-0.164884384741782	14.19
20.368881	-0.239566125329888	14.19
21.563443	-0.0846703239869906	14.19
23.560247	-0.189351252217354	14.19
24.45486	-0.0831412353002459	14.19
27.951701	-0.164884384741782	14.19
28.492764	-0.195946441032647	14.19
28.649851	-0.15360697914764	14.19
29.59086	-0.251538766995965	14.19
29.773073	-0.231074664436249	14.19
30.136402	-0.168122758808327	14.19
30.136411	-0.0969617298870879	14.19
30.93829	-0.281035664240461	14.19
32.987314	-0.217591435072627	14.19
33.75722	-0.234465253637023	14.19
34.146611	-0.212567535483132	14.19
36.4723	-0.182786075741673	14.19
37.509437	-0.186064929518683	14.19
38.754865	-0.234465253637023	14.19
39.296527	-0.145605322246899	14.19
40.663978	-0.15200309344505	14.19
41.682383	-0.263611599296539	14.19
41.788444	0.0551956542421246	14.19
43.209001	-0.232768962976124	14.19
43.930545	-0.125006361067033	14.19
45.221258	-0.166502663140165	14.19
45.751312	-0.195946441032647	14.19
47.207037	-0.0484122051852459	14.19
47.423025	-0.117161344232749	14.19
47.423041	-0.179514657013621	14.19
47.858266	-0.343732465205711	14.19
49.408541	-0.0380063225797449	14.19
50.102483	-0.197599959885161	14.19
50.227638	-0.136061549576028	14.19
51.469933	-0.0800879113226919	14.19
52.309864	-0.169744675832317	14.19
52.981472	-0.209227962138	14.19
54.587342	-0.293358942690592	14.19
54.693797	-0.399730246490995	14.19
56.285194	-0.253257284222264	14.19
59.043595	-0.207561069935362	14.19
10.933093	0.0328061450832415	261.21
15.803784	0.100304905795685	261.21
15.843089	-0.0499049058263139	261.21
16.378898	0.0772429989324604	261.21
17.078195	0.155749232677945	261.21
18.147866	0.0745054363636298	261.21
19.302615	0.0412429822318813	261.21
19.318899	0.0328061450832415	261.21
21.302779	-0.00868224309980088	261.21
22.173574	0.0662614422687213	261.21
22.819784	1.11036324336042	261.21
23.86181	-0.00288827932482651	261.21
24.659918	0.0384361816561079	261.21
26.478658	0.155749232677945	261.21
27.038358	0.0772429989324604	261.21
27.749442	0.134878054343112	261.21
27.991652	-0.077041035763828	261.21
28.792646	0.138814468902282	261.21
29.341399	0.10701824988212	261.21
30.042323	-0.00144341686966872	261.21
30.140618	0.0922074380970889	261.21
31.214201	0.0621217119077975	261.21
32.40621	-0.0335695326937018	261.21
32.928186	0.379620962055708	261.21
33.348985	-0.0862010350493039	261.21
33.931969	-0.0350469470992008	261.21
34.277891	-0.166502663140165	261.21
34.676245	0.0143552929770701	261.21
34.715685	-0.0424567992428948	261.21
34.715693	0.141432790929296	261.21
34.797306	0.599317793698226	261.21
34.80742	0.0510240030244669	261.21
36.059739	-0.117161344232749	261.21
36.307994	-0.0484122051852459	261.21
37.413384	0.0214797274104514	261.21
37.756125	-0.160040412510468	261.21
38.439722	-0.56277226108709	261.21
39.686817	-0.846843211938579	261.21
40.042552	-0.83650126771712	261.21
40.07613	-0.841662972832899	261.21
40.405439	-0.703689439291908	261.21
42.189503	-0.780908941753803	261.21
42.749615	-0.375197234747053	261.21
44.364375	-0.459972730742493	261.21
46.134507	-1.03209362970985	261.21
46.785527	-0.475936324222789	261.21
47.913659	-0.573466861883327	261.21
0.093154	0.324234562270531	328.7
3.73976	0.253384235800074	328.7
6.136606	0.141432790929296	328.7
9.231989	-0.140825544133565	328.7
10.4693	0.261831658752137	328.7
12.249183	0.172487515510134	328.7
13.885877	0.263034405833794	328.7
15.666329	0.124328135002202	328.7
18.54128	0.27500704749987	328.7
18.731512	0.306845500314283	328.7
20.187924	0.31150311546827	328.7
21.622442	0.333423733725192	328.7
22.714271	0.204140716780225	328.7
24.374338	0.305678743242287	328.7
25.524647	0.343692069179019	328.7
27.146946	-0.0232697793228472	328.7
28.184725	0.333423733725192	328.7
29.972161	0.242450073677701	328.7
31.184892	0.331131922217202	328.7
32.400138	0.128293401009818	328.7
33.687388	0.280956313831056	328.7
33.842563	0.263034405833794	328.7
35.458488	0.24000896473507	328.7
37.220083	0.199122642013601	328.7
38.21874	0.427606172781899	328.7
39.292788	0.313826296390398	328.7
39.502649	0.302172799740752	328.7
39.556434	0.336854639125465	328.7
40.256159	0.219091058246197	328.7
41.671979	0.31150311546827	328.7
41.906942	0.254594043033141	328.7
43.08745	0.214124805352847	328.7
44.603487	0.197865391353738	328.7
45.381566	0.31150311546827	328.7
47.062504	0.242450073677701	328.7
48.273774	0.142740172116082	328.7
48.614449	0.20163386116965	328.7
49.160233	0.277389698810864	328.7
50.43887	0.293958979028694	328.7
50.991544	0.235114320376357	328.7
52.211189	0.286881147788162	328.7
53.824432	0.277389698810864	328.7
55.213108	0.215367972203479	328.7
55.228786	0.185232254230161	328.7
55.260897	0.0243196791954129	328.7
55.549303	0.263034405833794	328.7
57.342266	0.202887833470143	328.7
57.802285	-0.0499049058263139	328.7
61.968694	0.0579700686373299	328.7
62.960776	0.236339539168374	328.7
65.391099	0.0813396274519388	328.7
66.360962	0.250961573533219	328.7
66.753635	0.18269229751619	328.7
68.40009	0.232660756790275	328.7
69.693867	0.358396261956654	328.7
71.443245	0.214124805352847	328.7
71.641331	0.243669080966863	328.7
72.744238	0.178873958169795	328.7
73.112495	0.0989584800881688	328.7
75.133975	0.216610068742442	328.7
75.673955	0.206643223983395	328.7
76.30109	0.00432160595009347	328.7
77.672291	0.258217389536018	328.7
77.997364	0.246104009883917	328.7
79.756114	0.376290383337052	328.7
79.767919	0.27500704749987	328.7
79.782559	0.314986485468515	328.7
79.911282	0.343692069179019	328.7
80.721029	0.317304068361915	328.7
81.959601	0.360645202460216	328.7
84.762242	0.263034405833794	328.7
86.412534	0.329984649758421	328.7
86.432844	0.297484915710575	328.7
86.486475	0.314986485468515	328.7
86.894445	0.291603558030565	328.7
88.151909	0.235114320376357	328.7
89.234118	0.314986485468515	328.7
90.994869	0.12300395405482	328.7
92.218661	0.236339539168374	328.7
93.472849	0.204140716780225	328.7
94.4317	0.209141397838592	328.7
96.488398	0.351628329102782	328.7
97.001358	0.319617934200161	328.7
97.418434	0.00288250853312137	328.7
98.557073	0.337996463515016	328.7
98.948533	0.259423152281415	328.7
100.705509	0.209141397838592	328.7
101.70145	0.222804561045261	328.7
102.727171	0.221567788538409	328.7
103.740773	0.236339539168374	328.7
105.449331	0.235114320376357	328.7
106.745054	0.265436896049098	328.7
108.247279	0.357270475679559	328.7
109.097927	0.248534836138679	328.7
110.219651	0.312665173558394	328.7
111.153821	0.12961273813047	328.7
111.629831	0.295135249000818	328.7
112.647113	0.185232254230161	328.7
113.494997	0.381837083906047	328.7
113.588035	0.276198865032242	328.7
114.083104	0.296310560708092	328.7
115.454912	0.0799753767205959	328.7
116.056848	0.339137384919585	328.7
116.323949	0.267835392097615	328.7
116.347763	0.260627908126699	328.7
116.541184	0.192825403552391	328.7
117.211201	0.396159489073155	328.7
117.264085	0.331131922217202	328.7
117.306444	0.259423152281415	328.7
118.84295	0.13224779829844	328.7
121.534089	0.38404980679516	328.7
122.548164	0.308011314552178	328.7
123.721944	0.210388864445403	328.7
126.327292	0.196607044094818	328.7
127.443501	0.238786859587116	328.7
128.450938	0.318461465167583	328.7
129.567109	0.173767067736706	328.7
130.948011	0.321928094887362	328.7
132.090411	0.280956313831056	328.7
132.499224	0.187767747046025	328.7
133.890065	0.309176187478515	328.7
135.491612	0.255802836602718	328.7
137.034119	0.261831658752137	328.7
138.094744	0.225274929869569	328.7
138.37544	0.243669080966863	328.7
140.026148	0.233888060174277	328.7
140.366568	0.271425676092934	328.7
141.393176	0.286881147788162	328.7
142.445328	0.210388864445403	328.7
143.747546	0.0758748669751276	328.7
145.217025	0.0313951962755343	328.7
146.807389	0.289244285156642	328.7
148.515971	0.265436896049098	328.7
149.568173	0.292781749227846	328.7
150.680656	0.285698125958125	328.7
150.86017	0.250961573533219	328.7
152.748126	0.321928094887362	328.7
154.87801	0.278579550458423	328.7
157.572773	0.0758748669751276	328.7
158.859667	0.348232419239271	328.7
0.159523	-0.026205070347394	85.11
0.188757	-0.0499049058263139	85.11
0.410498	-0.0291463456595165	85.11
0.452879	-0.0439433475875971	85.11
0.457136	0.0214797274104514	85.11
2.105352	-0.0513991525066443	85.11
2.135858	0.0813396274519388	85.11
2.271158	0.0440443327060212	85.11
2.789097	-0.0409717810563062	85.11
2.803384	-0.0188780102056894	85.11
2.817708	-0.0846703239869906	85.11
2.890249	-0.0528949484321255	85.11
2.976487	-0.0694518807521452	85.11
3.742256	-0.0649174766813385	85.11
3.805789	-0.0588936890535686	85.11
5.254284	-0.169744675832317	85.11
5.406808	-0.156820109742826	85.11
5.994171	0.128293401009818	85.11
6.587547	-0.077041035763828	85.11
7.170128	-0.184424571137427	85.11
8.188105	-0.103146927103293	85.11
8.265605	-0.150400988848548	85.11
9.473839	-0.0409717810563062	85.11
10.570277	-0.140825544133565	85.11
10.646485	-0.195946441032647	85.11
11.42392	-0.232768962976124	85.11
11.648145	-0.131313234677865	85.11
11.801209	-0.186064929518683	85.11
11.912163	-0.184424571137427	85.11
12.033568	-0.0724827538015237	85.11
12.41906	-0.150400988848548	85.11
13.511492	-0.117161344232749	85.11
13.715008	-0.172993990361023	85.11
14.664017	-0.115597447016313	85.11
15.822413	-0.209227962138	85.11
15.823279	-0.171368418311981	85.11
17.279339	-0.139235797371172	85.11
17.279495	-0.129733929604017	85.11
18.194024	-0.0664273617389761	85.11
18.441433	0.0200576523412535	85.11
19.359067	-0.107803289534515	85.11
20.223855	-0.104697378666693	85.11
21.254659	-0.187707155126729	85.11
22.377066	-0.176250639691727	85.11
22.487372	-0.204233052217608	85.11
22.734934	-0.164884384741782	85.11
23.489316	-0.115597447016313	85.11
23.834932	-0.168122758808327	85.11
25.040815	-0.15200309344505	85.11
25.975908	-0.187707155126729	85.11
27.449359	-0.136061549576028	85.11
28.994095	-0.158429362604483	85.11
30.032043	-0.172993990361023	85.11
30.523119	-0.234465253637023	85.11
30.941388	-0.192645077942396	85.11
31.779739	-0.210896782498619	85.11
31.984172	-0.115597447016313	85.11
32.333104	-0.104697378666693	85.11
32.336937	-0.0724827538015237	85.11
32.34479	-0.0908029370083126	85.11
32.353149	-0.13764780046798	85.11
33.228872	-0.117161344232749	85.11
33.878355	-0.0634091701760615	85.11
33.958277	-0.0276749584428483	85.11
34.778795	-0.0588936890535686	85.11
35.271328	-0.139235797371172	85.11
35.782502	-0.134477040860036	85.11
36.36732	-0.132894270497345	85.11
36.709282	-0.253257284222264	85.11
37.790446	-0.106249498279434	85.11
39.078157	-0.160040412510468	85.11
39.344507	-0.0484122051852459	85.11
40.379942	-0.0954195650786824	85.11
41.087387	-0.115597447016313	85.11
41.188693	-0.115597447016313	85.11
42.810395	-0.172993990361023	85.11
44.063291	-0.189351252217354	85.11
44.465184	-0.139235797371172	85.11
44.763491	-0.129733929604017	85.11
46.082583	-0.112474729258412	85.11
47.237859	-0.0159575739029762	85.11
47.29366	-0.0969617298870879	85.11
48.041787	-0.0724827538015237	85.11
48.303922	-0.0603972796439563	85.11
48.895285	0.741574847418796	85.11
49.547824	-0.181149439104566	85.11
50.122076	-0.0649174766813385	85.11
51.388633	-0.164884384741782	85.11
51.552628	-0.101598140007807	85.11
54.901276	-0.0755200076409777	85.11
55.915262	-0.118726938570751	85.11
55.968615	-0.163267919540864	85.11
57.0122	-0.0499049058263139	85.11
57.329026	-0.0634091701760615	85.11
57.439356	-0.0469210473874926	85.11
58.882603	-0.144010302691519	85.11
60.31807	-0.136061549576028	85.11
61.002023	-0.0816137655536521	85.11
61.71731	-0.0558912008920451	85.11
62.702343	-0.0499049058263139	85.11
63.177043	-0.132894270497345	85.11
63.47394	0.0384361816561079	85.11
63.76505	-0.0469210473874926	85.11
64.525041	0.0676387168753633	85.11
64.538991	-0.0174170530774094	85.11
65.372024	0.0607391578576785	85.11
65.884999	-0.0394882898809755	85.11
67.189097	-0.00288827932482651	85.11
68.701542	0.0328061450832415	85.11
68.744795	-0.0424567992428948	85.11
69.283226	-0.0350469470992008	85.11
69.360977	-0.121863233373052	85.11
69.442864	-0.171368418311981	85.11
69.442878	-0.142417044615852	85.11
69.442994	-0.0573916638883367	85.11
69.453451	-0.0130430374755989	85.11
69.46437	-0.0499049058263139	85.11
69.588641	-0.0188780102056894	85.11
70.567777	-0.0247366783215064	85.11
71.558643	-0.129733929604017	85.11
71.789652	-0.115597447016313	85.11
73.279572	0.0243196791954129	85.11
74.739815	-0.0619024389259069	85.11
75.340989	-0.106249498279434	85.11
75.785844	-0.144010302691519	85.11
76.333172	-0.0218043703183484	85.11
77.304688	-0.0649174766813385	85.11
78.751654	-0.114035243246029	85.11
79.79952	-0.202571917847687	85.11
80.317158	-0.107803289534515	85.11
81.514473	-0.177881725270655	85.11
81.794487	-0.172993990361023	85.11
82.535671	-0.205896101440252	85.11
82.93819	-0.0816137655536521	85.11
83.087577	-0.114035243246029	85.11
83.946043	-0.199255376063222	85.11
84.770163	-0.174621396107069	85.11
85.600761	-0.172993990361023	85.11
85.677978	-0.0188780102056894	85.11
86.220369	-0.128156351490682	85.11
87.048623	-0.132894270497345	85.11
87.851009	-0.177881725270655	85.11
88.284828	-0.209227962138	85.11
88.909805	-0.189351252217354	85.11
89.934347	-0.169744675832317	85.11
90.111088	-0.147202107181229	85.11
91.076868	-0.177881725270655	85.11
91.407573	-0.171368418311981	85.11
91.9658	-0.227692025041597	85.11
92.4718	-0.181149439104566	85.11
93.307237	-0.0985055449524251	85.11
94.104238	-0.15200309344505	85.11
94.924981	-0.172993990361023	85.11
95.752642	-0.168122758808327	85.11
95.923387	-0.150400988848548	85.11
97.376712	-0.179514657013621	85.11
98.028556	-0.118726938570751	85.11
98.634972	-0.169744675832317	85.11
98.807442	-0.169744675832317	85.11
99.473766	-0.121863233373052	85.11
99.881799	-0.226003674888827	85.11
100.427175	-0.121863233373052	85.11
100.728524	-0.189351252217354	85.11
101.797606	-0.0679388286565756	85.11
102.110409	-0.117161344232749	85.11
102.445587	-0.0694518807521452	85.11
103.364733	-0.134477040860036	85.11
103.374758	-0.172993990361023	85.11
104.735524	-0.184424571137427	85.11
105.802679	-0.161653263478769	85.11
106.943702	-0.139235797371172	85.11
106.943707	-0.214240225572989	85.11
107.958294	-0.0785636691937021	85.11
108.15557	-0.110915901401851	85.11
108.164772	-0.126580496565143	85.11
108.221468	-0.0740005814437769	85.11
108.316017	-0.0740005814437769	85.11
108.469041	-0.227692025041597	85.11
109.406952	-0.132894270497345	85.11
109.460794	-0.187707155126729	85.11
110.381044	-0.195946441032647	85.11
110.868377	-0.189351252217354	85.11
111.152702	-0.217591435072627	85.11
111.336356	-0.166502663140165	85.11
112.156642	-0.232768962976124	85.11
112.515142	-0.132894270497345	85.11
113.260297	-0.205896101440252	85.11
113.262114	-0.103146927103293	85.11
113.324752	-0.140825544133565	85.11
113.325037	-0.200912693925996	85.11
113.585054	-0.0664273617389761	85.11
113.617859	-0.0543922968186278	85.11
113.958471	-0.129733929604017	85.11
114.81527	-0.232768962976124	85.11
115.315316	-0.161653263478769	85.11
116.290567	-0.134477040860036	85.11
116.998075	-0.0543922968186278	85.11
117.014973	-0.0232697793228472	85.11
117.04894	-0.114035243246029	85.11
117.451062	-0.0908029370083126	85.11
117.891575	-0.0923401721467106	85.11
118.217777	-0.0800879113226919	85.11
118.259077	-0.0679388286565756	85.11
118.357442	-0.026205070347394	85.11
118.411226	-0.0528949484321255	85.11
118.714993	0.034215715337913	85.11
119.298231	-0.129776241352158	85.11
119.323732	-0.0831412353002459	85.11
119.949038	-0.0892673380970874	85.11
120.268765	-0.177881725270655	85.11
121.405697	-0.126580496565143	85.11
121.989654	-0.174621396107069	85.11
122.915405	-0.107803289534515	85.11
123.23316	-0.244685095954902	85.11
123.302819	-0.0276749584428483	85.11
124.242391	-0.189351252217354	85.11
125.444893	-0.148800661406706	85.11
125.472041	-0.147202107181229	85.11
126.098148	-0.0969617298870879	85.11
126.263083	0.0143552929770701	85.11
127.17001	-0.204233052217608	85.11
128.262123	-0.202571917847687	85.11
128.264736	-0.209227962138	85.11
128.530518	-0.214240225572989	85.11
129.338448	-0.145605322246899	85.11
130.094724	-0.0816137655536521	85.11
130.455361	-0.184424571137427	85.11
130.616486	-0.150400988848548	85.11
132.975125	-0.190997225060914	85.11
134.214524	-0.0513991525066443	85.11
134.455004	0.0468402542029724	85.11
134.455007	-0.145605322246899	85.11
134.63837	-0.15521264992094	85.11
134.755425	-0.132894270497345	85.11
0.809681	-0.22431729826094	132.1
0.928433	-0.182786075741673	132.1
0.987423	-0.140825544133565	132.1
1.083595	-0.0603972796439563	132.1
1.125548	-0.479954975960182	132.1
1.199359	-0.38458370273713	132.1
1.39249	0.0538064436957938	132.1
1.672814	0.160920188181103	132.1
1.985786	-0.0543922968186278	132.1
2.046695	-0.112474729258412	132.1
2.068186	-0.0159575739029762	132.1
2.07253	-0.267079617891743	132.1
2.378492	-0.424687669312563	132.1
2.943835	-0.440263475567017	132.1
3.365311	-0.461958546666336	132.1
3.546987	-0.388355456626338	132.1
3.639062	-0.263611599296539	132.1
3.645385	-0.0740005814437769	132.1
4.456209	-0.232768962976124	132.1
4.64689	-0.274040765490812	132.1
4.793883	-0.179514657013621	132.1
5.534815	-0.204233052217608	132.1
5.557203	-0.220950447162541	132.1
5.87303	-0.158429362604483	132.1
6.370039	-0.0588936890535686	132.1
6.45899	-0.156820109742826	132.1
6.648786	-0.045431429247006	132.1
6.836934	-0.0203404482841755	132.1
6.880413	0.0593552776164212	132.1
7.108117	-0.0877333719335504	132.1
7.137589	-0.123433941248279	132.1
7.22446	-0.0484122051852459	132.1
7.336849	-0.144010302691519	132.1
7.393449	-0.199255376063222	132.1
7.517106	-0.367731784500487	132.1
7.613809	-0.0291463456595165	132.1
7.71943	0.0935601761623378	132.1
7.782841	0.301002256032814	132.1
7.782952	0.0854246562526777	132.1
7.834595	0.31150311546827	132.1
7.926121	0.261831658752137	132.1
7.966197	0.286881147788162	132.1
8.038045	0.357270475679559	132.1
8.17504	0.36289064266586	132.1
8.324178	-0.15521264992094	132.1
8.344307	0.10969486482593	132.1
8.464652	0.166072675946706	132.1
8.584536	0.232660756790275	132.1
8.63385	0.34255474547732	132.1
8.746359	0.0840642647884745	132.1
8.807848	0.199122642013601	132.1
8.841404	0.317304068361915	132.1
8.915132	0.420078115979374	132.1
8.995312	0.225274929869569	132.1
9.046448	0.235114320376357	132.1
9.06597	0.169925001442312	132.1
9.212882	0.0454429707611671	132.1
9.28095	0.0565835283663675	132.1
9.308185	-0.0291463456595165	132.1
9.855442	0.296310560708092	132.1
10.011488	0.291603558030565	132.1
10.153212	0.177598929327733	132.1
10.339947	0.0299828662157143	132.1
10.449569	0.134878054343112	132.1
10.471639	0.0881415968690176	132.1
10.51154	0.018634174139051	132.1
11.116397	0.108357178090419	132.1
11.24833	0.189033824390017	132.1
11.326769	0.0648828515848544	132.1
11.562051	-0.00433459026389113	132.1
11.656135	0.0114956388378294	132.1
11.843271	0.140124223909071	132.1
11.874807	0.344828496997441	132.1
11.949961	0.0745054363636298	132.1
12.106837	0.12300395405482	132.1
12.189691	0.01292617444427	132.1
12.481473	0.207892851641333	132.1
12.85614	0.358396261956654	132.1
13.864429	0.244887059123534	132.1
13.976196	0.0299828662157143	132.1
14.045747	0.0157829972409275	132.1
14.418724	-0.121863233373052	132.1
14.461235	-0.265344566520995	132.1
14.638661	-0.123433941248279	132.1
14.898322	-0.129733929604017	132.1
14.939962	-0.045431429247006	132.1
15.064022	-0.0785636691937021	132.1
15.367352	0.0313951962755343	132.1
15.478718	0.0313951962755343	132.1
15.607125	0.178873958169795	132.1
15.758118	0.258217389536018	132.1
15.862515	0.259423152281415	132.1
15.880959	0.16478627814334	132.1
16.049353	-0.0380063225797449	132.1
16.210599	0.063502942306158	132.1
16.244585	-0.00433459026389113	132.1
16.267158	-0.121863233373052	132.1
16.345284	0.0114956388378294	132.1
16.434563	0.117695042669755	132.1
16.522444	0.215367972203479	132.1
16.672887	0.167357927738514	132.1
16.766862	0.0648828515848544	132.1
16.771267	-0.0816137655536521	132.1
16.892706	-0.0846703239869906	132.1
17.00781	-0.231074664436249	132.1
17.267578	0.180147861158429	132.1
17.911573	-0.158429362604483	132.1
18.627055	-0.246395463720005	132.1
18.918851	-0.207561069935362	132.1
19.210758	-0.251538766995965	132.1
19.384213	-0.101598140007807	132.1
19.51113	-0.0724827538015237	132.1
19.542858	-0.00288827932482651	132.1
19.645725	0.094911647025467	132.1
19.751969	0.119024103142275	132.1
19.803446	0.18269229751619	132.1
19.898374	0.199122642013601	132.1
20.020886	0.134878054343112	132.1
20.140741	0.249748715083569	132.1
20.373422	0.0172092900322231	132.1
20.373505	-0.0543922968186278	132.1
20.472456	-0.110915901401851	132.1
20.791809	0.14535138557262	132.1
20.913284	-0.0573916638883367	132.1
21.114263	0.037030730944967	132.1
21.282795	0.209141397838592	132.1
21.498681	0.0468402542029724	132.1
21.536189	0.094911647025467	132.1
21.561879	0.0989584800881688	132.1
21.633508	0.187767747046025	132.1
21.867496	-0.0469210473874926	132.1
21.901928	-0.077041035763828	132.1
22.031944	0.0243196791954129	132.1
22.339094	0.172487515510134	132.1
22.482111	-0.0528949484321255	132.1
22.494006	0.0772429989324604	132.1
22.93425	-0.169744675832317	132.1
23.105292	-0.0785636691937021	132.1
23.111676	-0.0558912008920451	132.1
23.136884	-0.125006361067033	132.1
23.206742	0.0976107966264223	132.1
23.338306	-0.0938790470029001	132.1
23.387201	0.0454429707611671	132.1
23.47346	0.070389327891398	132.1
23.614729	0.207892851641333	132.1
23.7077	-0.00433459026389113	132.1
23.777089	0.116364756691785	132.1
23.777167	0.0989584800881688	132.1
23.79945	0.0257375614136083	132.1
24.027447	0.0962618530584035	132.1
25.00989	0.413594082409175	132.1
26.066087	0.00144197417390632	132.1
26.152075	0.133563525741106	132.1
26.341019	0.20163386116965	132.1
26.341078	0.16349873228288	132.1
26.41395	0.151858816727005	132.1
26.735793	0.58111017522555	132.1
27.161159	0.181420640280142	132.1
27.212237	0.113700499164728	132.1
27.855859	0.0285691521967709	132.1
28.036472	0.339137384919585	132.1
28.10069	0.0690146779151805	132.1
29.136711	0.38404980679516	132.1
30.610695	-0.316528107144772	132.1
30.690631	-0.15521264992094	132.1
30.816332	-0.168122758808327	132.1
30.862147	-0.0499049058263139	132.1
30.862359	-0.171368418311981	132.1
31.252063	-0.144010302691519	132.1
31.290913	-0.0291463456595165	132.1
31.871288	-0.0543922968186278	132.1
32.576587	0.222804561045261	132.1
32.646507	0.155749232677945	132.1
32.74963	0.27500704749987	132.1
32.790013	-0.0985055449524251	132.1
32.849986	0.168642035558839	132.1
33.456159	0.162210036314307	132.1
34.01417	-0.131313234677865	132.1
34.09412	-0.182786075741673	132.1
34.153651	-0.215914857265243	132.1
34.515713	-0.132894270497345	132.1
34.826865	-0.169744675832317	132.1
35.171875	-0.244685095954902	132.1
35.807293	0.070389327891398	132.1
37.01803	-0.121863233373052	132.1
37.042034	-0.163267919540864	132.1
37.393611	-0.298672742587059	132.1
37.526759	-0.217591435072627	132.1
37.580074	-0.00723156923107586	132.1
39.24981	0.0510240030244669	132.1
40.220663	0.306845500314283	132.1
40.475357	0.149259365499623	132.1
40.648806	0.288063200325316	132.1
40.691577	0.241230035515445	132.1
41.495955	0.214124805352847	132.1
42.421101	-0.0335695326937018	132.1
42.900747	0.238786859587116	132.1
43.651328	0.126972856257766	132.1
44.16359	0.221567788538409	132.1
45.679809	0.241230035515445	132.1
45.751565	-0.00433459026389113	132.1
45.779905	0.395062799517578	132.1
46.627197	0.0962618530584035	132.1
46.763071	0.160920188181103	132.1
47.021722	0.0468402542029724	132.1
47.298458	0.0257375614136083	132.1
47.568964	0.0214797274104514	132.1
47.586574	0.0100636833446975	132.1
47.604227	-0.0573916638883367	132.1
47.616622	0.207892851641333	132.1
47.632035	0.205392512989685	132.1
47.648256	-0.0724827538015237	132.1
47.853545	-0.160040412510468	132.1
48.651287	-0.0831412353002459	132.1
49.633346	0.171206827418142	132.1
50.567898	-0.176250639691727	132.1
51.349976	0.0593552776164212	132.1
51.883433	0.253384235800074	132.1
52.23246	0.144046369616707	132.1
53.002209	0.257010618206024	132.1
54.319776	0.0538064436957938	132.1
54.327757	0.255802836602718	132.1
55.218503	-0.0144995696951151	132.1
55.916582	-0.194294815161489	132.1
55.990529	-0.237665239700975	132.1
56.636243	-0.0724827538015237	132.1
57.120389	-0.0513991525066443	132.1
57.515876	-0.174621396107069	132.1
57.55091	-0.147202107181229	132.1
57.578019	-0.316528107144772	132.1
57.622886	-0.176250639691727	132.1
57.72709	-0.215914857265243	132.1
57.77353	-0.179514657013621	132.1
57.841192	-0.168122758808327	132.1
58.452048	-0.190997225060914	132.1
58.844891	0.018634174139051	132.1
58.9739	0.116364756691785	132.1
59.016971	-0.026205070347394	132.1
59.160537	-0.0664273617389761	132.1
59.179303	-0.0785636691937021	132.1
59.179542	-0.0755200076409777	132.1
59.725929	-0.288064643021079	132.1
60.405458	-0.132894270497345	132.1
60.424346	-0.0394882898809755	132.1
60.468853	0.209141397838592	132.1
61.124381	0.0426443374084937	132.1
61.164828	0.0482361856528476	132.1
61.272088	-0.0831412353002459	132.1
61.808286	-0.0846703239869906	132.1
62.507609	0.01292617444427	132.1
63.990748	-0.103146927103293	132.1
64.434398	-0.403541860441014	132.1
64.47843	-0.0218043703183484	132.1
64.550668	0.128293401009818	132.1
65.683013	-0.0543922968186278	132.1
68.127807	-0.0619024389259069	132.1
68.247482	0.037030730944967	132.1
69.721709	0.0690146779151805	132.1
69.819586	-0.0573916638883367	132.1
69.964472	-0.0380063225797449	132.1
70.267237	0.0328061450832415	132.1
72.154973	0.0922074380970889	132.1
72.504509	0.0200576523412535	132.1
73.344283	-0.293358942690592	132.1
74.361218	0.206643223983395	132.1
75.446995	0.0172092900322231	132.1
75.45689	0.178873958169795	132.1
76.729974	0.0200576523412535	132.1
77.774041	0.205392512989685	132.1
78.551692	-0.158429362604483	132.1
79.613463	-0.231074664436249	132.1
80.141735	0.0840642647884745	132.1
81.154511	0.104336659814736	132.1
81.70721	-0.0908029370083126	132.1
82.670196	-0.305788392232109	132.1
83.202785	-0.293358942690592	132.1
83.240736	0.0662614422687213	132.1
83.861827	-0.15521264992094	132.1
84.103466	-0.405451450449646	132.1
84.789362	-0.172993990361023	132.1
85.626845	0.246104009883917	132.1
86.957286	0.0214797274104514	132.1
88.34352	-0.282789700980404	132.1
89.1022	0.185232254230161	132.1
89.829207	0.0510240030244669	132.1
89.902792	0.0271540515037266	132.1
90.496289	0.0989584800881688	132.1
91.515954	-0.0350469470992008	132.1
92.06389	-0.214240225572989	132.1
92.063967	0.0313951962755343	132.1
92.068781	-0.169744675832317	132.1
92.075487	0.0243196791954129	132.1
92.078876	0.0772429989324604	132.1
92.102391	-0.109358756036556	132.1
92.109396	-0.15360697914764	132.1
92.885267	0.0607391578576785	132.1
93.145523	0.117695042669755	132.1
93.861718	0.24731993497982	132.1
94.79168	0.0214797274104514	132.1
95.256936	0.0881415968690176	132.1
95.849138	-0.207561069935362	132.1
96.652057	-0.0619024389259069	132.1
96.812018	-0.0306192350583921	132.1
96.83938	-0.209227962138	132.1
97.499024	-0.0350469470992008	132.1
98.229998	-0.166502663140165	132.1
98.48095	-0.0969617298870879	132.1
100.101505	0.0482361856528476	132.1
101.303333	0.134878054343112	132.1
101.448225	0.00432160595009347	132.1
101.545866	-0.0694518807521452	132.1
101.579289	-0.0320936297098533	132.1
101.963918	-0.0679388286565756	132.1
102.170772	-0.0588936890535686	132.1
102.684121	0.147957881387101	132.1
103.285557	0.018634174139051	132.1
104.154712	0.518031492602169	132.1
105.266576	-0.0603972796439563	132.1
105.442907	-0.0144995696951151	132.1
106.219888	0.037030730944967	132.1
106.760652	-0.0159575739029762	132.1
106.945417	0.0172092900322231	132.1
107.724467	-0.125006361067033	132.1
108.334696	0.189033824390017	132.1
108.529289	0.0229004021100788	132.1
109.19272	0.217851096811131	132.1
109.810388	0.183962834842595	132.1
110.412487	-0.254977850962736	132.1
110.464939	-0.0469210473874926	132.1
110.631868	-0.128156351490682	132.1
110.824413	-0.0247366783215064	132.1
111.332882	0.119024103142275	132.1
112.191547	-0.210896782498619	132.1
112.934931	0.197865391353738	132.1
113.570269	0.225274929869569	132.1
113.981342	0.372952097911829	132.1
114.877941	0.220329954879556	132.1
115.027025	0.151858816727005	132.1
115.207838	-0.0394882898809755	132.1
115.724262	-0.13764780046798	132.1
115.935954	-0.226003674888827	132.1
115.949488	0.0551956542421246	132.1
117.134228	0.0962618530584035	132.1
117.221621	-0.0892673380970874	132.1
117.258012	-0.0484122051852459	132.1
117.262499	-0.234465253637023	132.1
118.367868	-0.0709665213541436	132.1
119.559068	-0.139235797371172	132.1
120.194853	-0.164884384741782	132.1
120.390443	-0.156820109742826	132.1
120.534325	-0.112474729258412	132.1
144.224095	0.0426443374084937	132.1
144.337826	0.16349873228288	132.1
144.686653	-0.0291463456595165	132.1
145.438874	0.196607044094818	132.1
145.628717	0.263034405833794	132.1
147.209684	-0.166502663140165	132.1
147.699109	0.141432790929296	132.1
148.645034	0.111031312388744	132.1
150.72984	0.466757615726171	132.1
151.295989	0.0827025893302493	132.1
151.621925	-0.195946441032647	132.1
152.415475	-0.210896782498619	132.1
154.841258	0.14535138557262	132.1
156.458655	0.217851096811131	132.1
156.621713	0.219091058246197	132.1
157.513281	0.0496307677246004	132.1
157.615724	0.102993993323326	132.1
158.223375	0.175045486110914	132.1
158.223389	0.0100636833446975	132.1
159.051664	-0.15521264992094	132.1
159.065896	-0.227692025041597	132.1
159.160797	-0.256700472111743	132.1
160.015017	-0.120294233717712	132.1
160.476723	-0.104697378666693	132.1
160.582833	0.00432160595009347	132.1
161.11461	0.217851096811131	132.1
162.446494	0.00719550140420377	132.1
162.446691	0.26663664251399	132.1
162.73924	-0.0528949484321255	132.1
162.85558	0.00575926928868495	132.1
162.904054	-0.0892673380970874	132.1
162.999338	-0.101598140007807	132.1
163.058784	-0.873027143742234	132.1
163.138085	-0.0785636691937021	132.1
163.218422	-0.0862010350493039	132.1
163.607484	-0.13764780046798	132.1
164.179035	0.162210036314307	132.1
164.531564	0.0989584800881688	132.1
164.999677	-0.103146927103293	132.1
165.31057	-0.219269963523624	132.1
165.463939	0.0114956388378294	132.1
166.040174	-0.0203404482841755	132.1
166.491879	0.0271540515037266	132.1
166.952508	-0.00868224309980088	132.1
167.159876	0.0482361856528476	132.1
167.452855	0.0717626693000913	132.1
167.815611	0.0690146779151805	132.1
167.897286	-0.121863233373052	132.1
168.172596	-0.0543922968186278	132.1
168.186139	-0.181149439104566	132.1
168.631364	-0.0619024389259069	132.1
169.640516	-0.110915901401851	132.1
170.199243	0.150559676575381	132.1
170.744631	0.0114956388378294	132.1
171.22805	0.14535138557262	132.1
171.557231	0.137503523749935	132.1
171.568472	0.0813396274519388	132.1
172.571643	0	132.1
172.906222	-0.0513991525066443	132.1
173.090919	-0.0619024389259069	132.1
173.898528	0.349365277594213	132.1
174.306366	-0.128156351490682	132.1
174.469374	0.0398402645317911	132.1
174.923255	-0.134477040860036	132.1
175.135982	-0.166502663140165	132.1
175.334545	-0.15360697914764	132.1
175.472675	-0.428565884123491	132.1
176.672415	-0.179514657013621	132.1
177.184479	-0.186064929518683	132.1
177.186335	-0.222632890549587	132.1
178.845608	0.0854246562526777	132.1
179.092774	0.391767719955997	132.1
180.567057	0.133563525741106	132.1
182.298748	-0.0588936890535686	132.1
183.518363	-0.277533975528909	132.1
184.643528	-0.120294233717712	132.1
184.753152	-0.13764780046798	132.1
185.15482	0.102993993323326	132.1
185.717056	0.0257375614136083	132.1
186.124964	-0.0188780102056894	132.1
186.25068	0.0962618530584035	132.1
186.584134	0.296310560708092	132.1
186.858731	-0.100051013810328	132.1
187.985426	-0.103146927103293	132.1
189.302285	-0.160040412510468	132.1
190.62666	-0.00578235259400611	132.1
192.15395	0.173767067736706	132.1
193.09358	0.202887833470143	132.1
195.044139	0.0565835283663675	132.1
196.561129	-0.31114825613412	132.1
196.590968	0.0214797274104514	132.1
198.209589	-0.2688167584278	132.1
198.745565	-0.148800661406706	132.1
200.070574	0.216610068742442	132.1
201.596817	0.11503324294624	132.1
202.50142	-0.0115879742752118	132.1
202.999137	-0.117161344232749	132.1
203.60029	0.149259365499623	132.1
204.081942	-0.260151897300673	132.1
204.129798	-0.272297327162762	132.1
204.153185	0.0510240030244669	132.1
204.612431	0.144046369616707	132.1
204.614436	-0.0276749584428483	132.1
204.897672	-0.239566125329888	132.1
205.229071	0.0100636833446975	132.1
205.696852	0.113700499164728	132.1
206.864094	-0.0573916638883367	132.1
207.210619	-0.112474729258412	132.1
207.745189	0.237563718317676	132.1
208.033897	-0.232768962976124	132.1
209.639158	-0.327348370671615	132.1
209.852269	-0.0603972796439563	132.1
210.076486	-0.0306192350583921	132.1
211.336656	0.0867837661420667	132.1
211.856299	0.0648828515848544	132.1
212.70557	-0.0558912008920451	132.1
212.91279	0.0976107966264223	132.1
214.387132	-0.123433941248279	132.1
214.494064	-0.168122758808327	132.1
215.777939	0.0799753767205959	132.1
217.149118	-0.275786313242642	132.1
217.45316	-0.0938790470029001	132.1
217.937799	-0.0816137655536521	132.1
218.450639	-0.00288827932482651	132.1
218.536612	-0.0816137655536521	132.1
219.915227	0.0565835283663675	132.1
221.674646	-0.166502663140165	132.1
223.28714	-0.00433459026389113	132.1
223.323561	-0.0985055449524251	132.1
225.259726	0.13224779829844	132.1
226.510923	0.0867837661420667	132.1
226.794068	-0.0649174766813385	132.1
227.405156	0.147957881387101	132.1
228.041603	-0.244685095954902	132.1
230.046085	-0.115597447016313	132.1
231.129269	0.104336659814736	132.1
232.418208	-0.0877333719335504	132.1
233.516524	0.116364756691785	132.1
234.620821	-0.0320936297098533	132.1
235.861667	0.10969486482593	132.1
235.883393	0.0717626693000913	132.1
236.631571	-0.0484122051852459	132.1
238.049815	0.27500704749987	132.1
239.514479	-0.026205070347394	132.1
240.517965	-0.253257284222264	132.1
241.469539	-0.134477040860036	132.1
241.700155	0.0772429989324604	132.1
242.804322	0.0593552776164212	132.1
243.703236	0.22650852980868	132.1
244.325389	0.0454429707611671	132.1
246.183707	-0.0174170530774094	132.1
247.998628	0.160920188181103	132.1
249.063592	-0.291592016516404	132.1
0.093939	0.153156788061421	556.20
0.106123	0.141432790929296	556.20
0.204113	0.186500557644495	556.20
0.27153	0.18269229751619	556.20
0.429063	0.10701824988212	556.20
0.464048	0.216610068742442	556.20
1.268488	0.243669080966863	556.20
1.477228	0.104336659814736	556.20
2.540204	0.16349873228288	556.20
3.018784	0.206643223983395	556.20
3.656101	0.246104009883917	556.20
3.800281	0.154453592679872	556.20
3.951839	0.260627908126699	556.20
4.861269	0.26663664251399	556.20
5.005306	0.187767747046025	556.20
5.037955	0.259423152281415	556.20
5.088292	0.241230035515445	556.20
5.783584	0.244887059123534	556.20
6.092987	0.149259365499623	556.20
7.146938	0.214124805352847	556.20
7.580445	0.18269229751619	556.20
8.818122	0.243669080966863	556.20
9.216307	0.20163386116965	556.20
10.529672	0.296310560708092	556.20
10.585346	0.276198865032242	556.20
10.61809	0.31150311546827	556.20
11.496538	0.181420640280142	556.20
12.209194	0.225274929869569	556.20
12.636077	0.144046369616707	556.20
13.5804	0.162210036314307	556.20
14.07624	0.0496307677246004	556.20
15.323792	0.202887833470143	556.20
15.600917	0.22650852980868	556.20
16.776291	0.180147861158429	556.20
17.558024	0.285698125958125	556.20
18.150726	0.196607044094818	556.20
18.601958	0.241230035515445	556.20
19.331409	0.279768421593595	556.20
20.304073	0.296310560708092	556.20
20.683443	0.27500704749987	556.20
21.574639	0.147957881387101	556.20
22.07445	-0.0816137655536521	556.20
22.630553	0.316145742293356	556.20
22.686339	0.261831658752137	556.20
23.225782	0.225274929869569	556.20
24.204664	0.276198865032242	556.20
24.933024	0.295135249000818	556.20
26.166206	0.0962618530584035	556.20
26.181055	0.0745054363636298	556.20
29.454085	-0.00433459026389113	556.20
30.189821	0.237563718317676	556.20
30.535317	0.293958979028694	556.20
30.576988	0.259423152281415	556.20
30.611958	0.288063200325316	556.20
30.641482	0.2904244038653	556.20
30.641591	0.286881147788162	556.20
30.717749	0.326537348139952	556.20
30.737429	0.124328135002202	556.20
30.737559	0.133563525741106	556.20
31.247437	0.194087052116302	556.20
31.614203	0.130930869826449	556.20
31.721111	0.0426443374084937	556.20
32.15816	0.215367972203479	556.20
32.173769	0.24731993497982	556.20
32.173927	0.293958979028694	556.20
32.189726	0.237563718317676	556.20
33.457841	0.377401430785794	556.20
33.770625	0.119024103142275	556.20
33.797005	0.178873958169795	556.20
34.706006	0.344828496997441	556.20
35.097307	0.284514133244245	556.20
35.640301	0.133563525741106	556.20
36.006034	0.0412429822318813	556.20
36.06347	0.259423152281415	556.20
37.094777	0.324234562270531	556.20
38.081177	0.292781749227846	556.20
39.681199	0.273814244587037	556.20
40.593297	0.219091058246197	556.20
40.596083	0.326537348139952	556.20
40.623439	0.358396261956654	556.20
41.665245	0.235114320376357	556.20
42.186642	0.190298791626595	556.20
42.2314	0.146655222119465	556.20
42.276336	0.186500557644495	556.20
42.291737	0.202887833470143	556.20
43.122051	0.232660756790275	556.20
43.125667	0.297484915710575	556.20
43.182316	0.231432408447965	556.20
43.451695	0.258217389536018	556.20
43.525181	0.227741075839128	556.20
43.52519	0.196607044094818	556.20
43.607038	0.26663664251399	556.20
43.905978	0.27500704749987	556.20
43.945278	0.235114320376357	556.20
44.103868	0.196607044094818	556.20
44.114082	0.146655222119465	556.20
44.114105	0.222804561045261	556.20
44.535678	0.16349873228288	556.20
44.955264	0.261831658752137	556.20
45.697944	0.347098670622268	556.20
45.72435	0.279768421593595	556.20
45.794725	0.2904244038653	556.20
46.1855	0.175045486110914	556.20
46.191986	0.120351940365222	556.20
46.213322	0.173767067736706	556.20
46.278612	0.312665173558394	556.20
47.240431	0.389566811762726	556.20
47.465792	0.140124223909071	556.20
47.555757	0.183962834842595	556.20
47.691496	0.12300395405482	556.20
48.740288	0.257010618206024	556.20
48.770445	0.351628329102782	556.20
48.777198	0.283329168051641	556.20
49.14412	0.155749232677945	556.20
49.171937	0.296310560708092	556.20
49.172608	0.217851096811131	556.20
49.356118	0.288063200325316	556.20
50.162866	0.347098670622268	556.20
50.95077	0.305678743242287	556.20
52.128097	0.0607391578576785	556.20
52.36887	0.220329954879556	556.20
52.714428	0.270229907237998	556.20
53.823263	0.217851096811131	556.20
54.903427	0.228972569760161	556.20
55.073223	0.211635253327149	556.20
55.160128	0.222804561045261	556.20
55.671534	0.372952097911829	556.20
55.807544	0.429749850800216	556.20
57.15972	0.344828496997441	556.20
57.922608	0.279768421593595	556.20
58.313119	0.332278283056929	556.20
59.148379	0.302172799740752	556.20
60.138422	0.43722773891291	556.20
60.561929	0.336854639125465	556.20
62.532921	0.177598929327733	556.20
62.637223	0.13224779829844	556.20
62.759825	0.0922074380970889	556.20
62.793319	0.0854246562526777	556.20
0.017274	0.00863030514344006	16.5
0.118389	0.018634174139051	16.5
0.297727	-0.026205070347394	16.5
0.350352	0.0579700686373299	16.5
0.464606	0.24000896473507	16.5
1.325171	0.0962618530584035	16.5
2.639035	-0.0306192350583921	16.5
3.449564	0.172487515510134	16.5
3.472715	0.00719550140420377	16.5
4.89116	0.0524158941511385	16.5
4.897115	0.0648828515848544	16.5
5.749874	0.00719550140420377	16.5
5.7503	0.00432160595009347	16.5
6.462666	0.0989584800881688	16.5
7.334731	0.0468402542029724	16.5
7.334737	0.0758748669751276	16.5
8.426967	-0.0694518807521452	16.5
8.556017	0.0593552776164212	16.5
9.427724	0.00719550140420377	16.5
10.227046	0.0881415968690176	16.5
10.56936	0.142740172116082	16.5
10.720464	0.0229004021100788	16.5
11.368874	0.0384361816561079	16.5
11.368917	0.0257375614136083	16.5
12.184778	-0.0350469470992008	16.5
13.073725	0	16.5
14.038925	0.00575926928868495	16.5
14.873867	0.00719550140420377	16.5
14.873888	0.063502942306158	16.5
16.386209	0.0398402645317911	16.5
16.562438	0.0271540515037266	16.5
17.412473	-0.0785636691937021	16.5
17.412576	-0.115597447016313	16.5
18.212019	0.00863030514344006	16.5
18.87954	-0.0588936890535686	16.5
19.186711	-0.0159575739029762	16.5
19.449689	-0.0115879742752118	16.5
20.248664	-0.00578235259400611	16.5
21.124699	-0.00433459026389113	16.5
21.149126	-0.045431429247006	16.5
21.963928	-0.045431429247006	16.5
23.276744	0.0172092900322231	16.5
23.3696	0.155749232677945	16.5
23.712495	-0.0513991525066443	16.5
24.451232	0.0328061450832415	16.5
25.504964	0.0214797274104514	16.5
26.542164	0.0398402645317911	16.5
27.249568	0.0881415968690176	16.5
28.12081	-0.0469210473874926	16.5
28.678512	-0.0558912008920451	16.5
29.828295	-0.0130430374755989	16.5
29.930879	0.0285691521967709	16.5
30.779091	0.0172092900322231	16.5
31.622005	0.0840642647884745	16.5
32.786562	-0.0320936297098533	16.5
32.787173	-0.0664273617389761	16.5
33.942756	0.018634174139051	16.5
35.21065	0.0468402542029724	16.5
36.662963	0.00288250853312137	16.5
37.085118	0.0440443327060212	16.5
37.842562	0.0524158941511385	16.5
37.842581	0.0243196791954129	16.5
38.016011	-0.0130430374755989	16.5
38.449175	0	16.5
38.473408	-0.0232697793228472	16.5
38.522478	-0.0335695326937018	16.5
39.247639	0.0412429822318813	16.5
40.042085	0.0157829972409275	16.5
41.120474	0.00719550140420377	16.5
41.912785	0.0229004021100788	16.5
44.068966	-0.0558912008920451	16.5
45.300222	-0.00723156923107586	16.5
45.94647	-0.115597447016313	16.5
46.33622	-0.117161344232749	16.5
49.435837	-0.0350469470992008	16.5
50.065401	0.034215715337913	16.5
51.012284	0.063502942306158	16.5
51.922832	0.0648828515848544	16.5
53.330205	0.0157829972409275	16.5
53.417431	0.034215715337913	16.5
54.072279	-0.0130430374755989	16.5
54.072339	0.0313951962755343	16.5
54.935397	0.0648828515848544	16.5
55.683164	0.0285691521967709	16.5
55.683167	0.0165892027246802	16.5
56.267574	0.0468402542029724	16.5
56.541648	0.0229004021100788	16.5
57.519774	-0.0469210473874926	16.5
57.519789	0.0551956542421246	16.5
57.897087	0.0100636833446975	16.5
57.897189	0.0468402542029724	16.5
58.609635	-0.0115879742752118	16.5
59.742953	0.00719550140420377	16.5
59.743144	0.00144197417390632	16.5
59.902782	0.147957881387101	16.5
60.884321	0.0229004021100788	16.5
61.897579	0.0579700686373299	16.5
62.753071	-0.0603972796439563	16.5
63.566904	0.018634174139051	16.5
64.035043	-0.0320936297098533	16.5
64.791209	0.0157829972409275	16.5
64.858558	0.01292617444427	16.5
65.386296	-0.0380063225797449	16.5
66.208543	0.0285691521967709	16.5
66.208576	0.0524158941511385	16.5
67.100244	0.0143552929770701	16.5
67.743672	-0.0740005814437769	16.5
67.779122	0.199122642013601	16.5
68.404131	0.0935601761623378	16.5
68.485396	0.183962834842595	16.5
68.51211	0.18269229751619	16.5
69.748356	-0.181149439104566	16.5
69.986567	-0.295128035543647	16.5
70.440206	-0.395928676331139	16.5
70.947743	0.0313951962755343	16.5
72.207588	0.0867837661420667	16.5
72.993044	-0.0218043703183484	16.5
74.016458	0.0143552929770701	16.5
74.021803	0.0271540515037266	16.5
74.455574	0.0412429822318813	16.5
74.581916	0.0468402542029724	16.5
75.375686	0.0313951962755343	16.5
76.229981	0.0840642647884745	16.5
76.229982	0.0200576523412535	16.5
76.230539	0.0271540515037266	16.5
77.743826	-0.00723156923107586	16.5
78.375606	-0.0130430374755989	16.5
78.859064	0.0989584800881688	16.5
78.859102	0.0935601761623378	16.5
79.901068	0.0676387168753633	16.5
80.009998	0.0384361816561079	16.5
80.162203	-0.0174170530774094	16.5
81.304288	0.0440443327060212	16.5
82.421262	-0.0892673380970874	16.5
82.767269	0.037030730944967	16.5
83.259032	0.0468402542029724	16.5
84.457151	-0.0439433475875971	16.5
85.408209	0.00432160595009347	16.5
85.40821	0.0772429989324604	16.5
85.985679	-0.0218043703183484	16.5
86.703975	0.0243196791954129	16.5
87.569403	0.018634174139051	16.5
88.561914	0.0114956388378294	16.5
89.591966	-0.0724827538015237	16.5
89.74711	-0.0424567992428948	16.5
90.22633	-0.0709665213541436	16.5
90.799757	-0.0232697793228472	16.5
91.074084	-0.00433459026389113	16.5
92.650187	0.0214797274104514	16.5
92.951689	0.037030730944967	16.5
93.95365	0.0440443327060212	16.5
95.037544	0.0690146779151805	16.5
95.678063	0.0299828662157143	16.5
96.965147	-0.045431429247006	16.5
97.075948	0.0398402645317911	16.5
98.410868	-0.00578235259400611	16.5
99.860242	-0.0115879742752118	16.5
101.174266	-0.0174170530774094	16.5
101.287226	-0.0499049058263139	16.5
103.047977	-0.0203404482841755	16.5
103.047988	0.0468402542029724	16.5
104.319095	-0.100051013810328	16.5
105.476805	-0.0350469470992008	16.5
105.718856	-0.0276749584428483	16.5
106.928601	0.0579700686373299	16.5
107.492168	-0.045431429247006	16.5
108.133915	-0.0649174766813385	16.5
108.158079	0.0200576523412535	16.5
109.413072	-0.0409717810563062	16.5
109.653622	0.0243196791954129	16.5
109.665031	-0.0634091701760615	16.5
110.050754	-0.0816137655536521	16.5
111.642593	0.0772429989324604	16.5
111.642626	0.102993993323326	16.5
112.043625	0.0243196791954129	16.5
112.046459	0.018634174139051	16.5
112.195378	0.0690146779151805	16.5
112.328193	-0.0469210473874926	16.5
113.636521	0.0285691521967709	16.5
114.41328	0.0881415968690176	16.5
115.155781	-0.0174170530774094	16.5
115.371112	-0.0144995696951151	16.5
115.649678	0.0440443327060212	16.5
116.915203	0.0313951962755343	16.5
117.397461	0.018634174139051	16.5
118.710857	-0.00868224309980088	16.5
119.816648	0.00863030514344006	16.5
120.311228	0.0510240030244669	16.5
121.318439	0.063502942306158	16.5
122.311921	0.037030730944967	16.5
122.477697	0.01292617444427	16.5
122.477717	-0.0394882898809755	16.5
123.624982	-0.0380063225797449	16.5
124.5532	0.0468402542029724	16.5
124.758634	0.0538064436957938	16.5
125.952009	0.00575926928868495	16.5
127.148999	0.0412429822318813	16.5
128.351158	-0.036525876025114	16.5
129.893591	-0.0603972796439563	16.5
130.296212	-0.0203404482841755	16.5
131.413726	-0.0908029370083126	16.5
131.789242	0.0827025893302493	16.5
131.882791	-0.00288827932482651	16.5
133.057713	-0.0203404482841755	16.5
133.057864	0.00719550140420377	16.5
133.403275	-0.0247366783215064	16.5
133.462371	0.0143552929770701	16.5
133.923336	0.0745054363636298	16.5
134.392117	0.0356239097307212	16.5
134.392286	0.018634174139051	16.5
135.34613	0.0426443374084937	16.5
136.292688	-0.0174170530774094	16.5
137.489406	0.124328135002202	16.5
137.607565	0.214124805352847	16.5
138.043544	0.0922074380970889	16.5
138.116843	-0.0130430374755989	16.5
139.086325	0.0243196791954129	16.5
139.852658	0.063502942306158	16.5
140.509794	0.0285691521967709	16.5
140.539222	-0.0588936890535686	16.5
140.573782	0.0454429707611671	16.5
140.982175	0.0840642647884745	16.5
141.051416	0.175045486110914	16.5
141.051445	0.0440443327060212	16.5
141.72873	0.0593552776164212	16.5
141.872058	0.0813396274519388	16.5
141.961896	-0.0276749584428483	16.5
143.287194	-0.00288827932482651	16.5
143.741656	-0.045431429247006	16.5
144.86955	0.0114956388378294	16.5
145.78362	-0.0892673380970874	16.5
146.764702	0.00863030514344006	16.5
147.145751	0.0690146779151805	16.5
148.273737	-0.0709665213541436	16.5
148.352357	0.018634174139051	16.5
149.363055	0.0881415968690176	16.5
149.427464	0.0229004021100788	16.5
149.427908	0.124328135002202	16.5
149.494589	0.00719550140420377	16.5
149.557722	0.0551956542421246	16.5
149.654736	-0.0188780102056894	16.5
149.692991	0.0285691521967709	16.5
149.744822	0.0989584800881688	16.5
149.973421	0.0662614422687213	16.5
150.952485	0.121678556588252	16.5
151.019851	-0.0247366783215064	16.5
151.083565	-0.0218043703183484	16.5
151.08368	0.0426443374084937	16.5
151.161395	-0.0218043703183484	16.5
151.182324	-0.0424567992428948	16.5
151.281623	-0.0276749584428483	16.5
152.638445	-0.0634091701760615	16.5
152.638456	0.0157829972409275	16.5
153.714483	-0.0831412353002459	16.5
153.968682	0.0976107966264223	16.5
155.191961	-0.00578235259400611	16.5
155.657788	0.0384361816561079	16.5
156.687107	-0.036525876025114	16.5
156.829271	-0.0513991525066443	16.5
156.997721	0.0114956388378294	16.5
157.683902	0.00288250853312137	16.5
158.350806	0.0731347046302154	16.5
159.790953	0.00575926928868495	16.5
159.814574	-0.0499049058263139	16.5
160.051491	0.0398402645317911	16.5
161.21025	0.00575926928868495	16.5
161.587667	-0.0619024389259069	16.5
162.720972	0.0565835283663675	16.5
162.841644	0.101650076094435	16.5
163.700077	-0.0335695326937018	16.5
164.825708	0.0299828662157143	16.5
164.82574	0.0922074380970889	16.5
165.330839	-0.0115879742752118	16.5
166.97524	-0.0203404482841755	16.5
167.326703	-0.00144341686966872	16.5
168.426	0.00575926928868495	16.5
169.146981	-0.0144995696951151	16.5
169.549914	-0.00433459026389113	16.5
170.106153	-0.00433459026389113	16.5
170.412248	0.0229004021100788	16.5
170.746953	0.112366523072563	16.5
172.147314	0.0482361856528476	16.5
172.525566	0.0229004021100788	16.5
172.918434	0.0426443374084937	16.5
173.515742	-0.0232697793228472	16.5
174.72074	-0.0159575739029762	16.5
174.72275	0.0143552929770701	16.5
174.750794	0.0908534304511135	16.5
174.765851	0.0200576523412535	16.5
174.831339	0.100304905795685	16.5
174.845573	0.00144197417390632	16.5
175.597676	0.0745054363636298	16.5
176.360291	0.0607391578576785	16.5
176.455084	0.126972856257766	16.5
176.455109	0.191562650700756	16.5
176.664699	0.01292617444427	16.5
176.836309	0.0468402542029724	16.5
177.658873	0.0172092900322231	16.5
177.880959	0.01292617444427	16.5
179.176647	0.117695042669755	16.5
179.227636	0.0172092900322231	16.5
180.337924	0.0356239097307212	16.5
180.580302	0.0426443374084937	16.5
180.640611	0.0786098346963665	16.5
180.668585	0.0384361816561079	16.5
180.720147	0.113700499164728	16.5
0.290712	-0.281035664240461	271.19
1.805514	-0.101598140007807	271.19
3.470313	-0.330973234490369	271.19
4.85603	-0.190997225060914	271.19
6.298687	-0.194294815161489	271.19
7.865689	-0.227692025041597	271.19
9.827726	-0.31114825613412	271.19
10.125246	-0.32373259173411	271.19
11.162371	-0.248107861595691	271.19
12.766094	-0.312939311660108	271.19
14.443753	-0.309359421384307	271.19
18.30012	-0.277533975528909	271.19
19.163222	-0.219269963523624	271.19
20.368881	-0.265344566520995	271.19
21.563443	0.0538064436957938	271.19
23.560247	-0.227692025041597	271.19
24.45486	-0.139235797371172	271.19
27.951701	-0.415037499278844	271.19
28.492764	-0.279283757478869	271.19
28.649851	-0.275786313242642	271.19
29.59086	-0.284545872884282	271.19
29.773073	-0.166502663140165	271.19
30.93829	-0.365871442474959	271.19
32.987314	-0.325539348439741	271.19
34.146611	-0.239566125329888	271.19
36.4723	-0.210896782498619	271.19
38.754865	-0.298672742587059	271.19
39.296527	-0.220950447162541	271.19
40.663978	-0.288064643021079	271.19
41.682383	-0.300448367476911	271.19
43.209001	-0.172993990361023	271.19
45.221258	-0.37894449670026	271.19
47.207037	-0.260151897300673	271.19
47.423025	-0.226003674888827	271.19
47.858266	-0.305788392232109	271.19
49.408541	0.0398402645317911	271.19
50.102483	-0.309359421384307	271.19
50.227638	-0.388355456626338	271.19
51.469933	0.00432160595009347	271.19
52.981472	-0.362157939675895	271.19
54.693797	-0.360304766600418	271.19
56.285194	-0.341902794648628	271.19
59.043595	-0.586405917590825	271.19
